order_id,order_time,product_id,store_id,qty,selling_price_aed,discount_pct,payment_status,return_flag
ORD000001,2024-09-07 00:00:00,P0018,S003,4,169.95,0,Failed,N
ORD000002,2024-11-11 00:00:00,P0022,S011,1,121.85,10,Refunded,N
ORD000003,2024-11-29 00:00:00,P0016,S006,1,457.66,0,Refunded,N
ORD000004,2024-09-09 00:00:00,P0001,S011,4,95.92,0,Paid,Y
ORD000005,2024-09-19 00:00:00,P0009,S001,3,460.02,20,Failed,N
ORD000006,2024-10-31 00:00:00,P0003,S010,3,284.75,15,Paid,N
ORD000007,2024-11-21 00:00:00,P0034,S011,1,229.21,25,Refunded,N
ORD000008,2024-11-27 00:00:00,P0035,S016,5,350.81,10,Refunded,N
ORD000009,2024-12-18 00:00:00,P0049,S006,1,461.14,25,Paid,N
ORD000010,2024-10-13 00:00:00,P0022,S018,4,447.76,25,Failed,N
ORD000011,2024-11-13 00:00:00,P0050,S011,1,135.08,0,Paid,N
ORD000012,2024-12-24 00:00:00,P0023,S008,4,289.4,25,Paid,Y
ORD000013,2024-10-07 00:00:00,P0032,S008,5,267.72,5,Paid,N
ORD000014,2024-10-27 00:00:00,P0025,S015,1,54.57,15,Paid,N
ORD000015,2024-10-03 00:00:00,P0023,S009,4,335.42,0,Paid,N
ORD000016,2024-09-09 00:00:00,P0033,S012,1,87.31,0,Refunded,N
ORD000017,2024-09-10 00:00:00,P0035,S013,1,493.41,10,Failed,N
ORD000018,2024-12-06 00:00:00,P0036,S011,4,206.77,25,Paid,N
ORD000019,2024-09-09 00:00:00,P0046,S005,3,350.94,25,Paid,Y
ORD000020,2024-09-08 00:00:00,P0049,S017,4,291.89,5,Paid,N
ORD000021,2024-10-18 00:00:00,P0009,S018,3,282.7,25,Paid,N
ORD000022,2024-10-20 00:00:00,P0028,S002,2,254.63,0,Paid,N
ORD000023,2024-12-21 00:00:00,P0048,S015,3,243.05,0,Paid,N
ORD000024,2024-10-12 00:00:00,P0034,S017,5,111.82,20,Paid,N
ORD000025,2024-12-02 00:00:00,P0024,S008,5,203.04,10,Refunded,N
ORD000026,2024-09-27 00:00:00,P0021,S009,4,69.36,20,Paid,N
ORD000027,2024-11-04 00:00:00,P0013,S001,2,170.71,5,Paid,N
ORD000028,2024-10-11 00:00:00,P0006,S011,5,291.96,20,Paid,N
ORD000029,2024-11-03 00:00:00,P0047,S013,1,165.58,20,Failed,N
ORD000030,2024-10-21 00:00:00,P0015,S017,2,324.39,0,Refunded,N
ORD000031,2024-11-03 00:00:00,P0022,S004,1,212.29,15,Paid,Y
ORD000032,2024-12-19 00:00:00,P0027,S011,3,147.47,15,Paid,N
ORD000033,2024-12-15 00:00:00,P0012,S013,1,428.73,15,Refunded,N
ORD000034,2024-12-16 00:00:00,P0012,S018,4,215.83,10,Paid,N
ORD000035,2024-11-04 00:00:00,P0039,S011,1,474.9,0,Refunded,N
ORD000036,2024-10-09 00:00:00,P0007,S015,5,394.52,25,Paid,N
ORD000037,2024-11-22 00:00:00,P0029,S009,4,303.24,10,Paid,Y
ORD000038,2024-10-29 00:00:00,P0033,S009,3,479.68,5,Paid,N
ORD000039,2024-10-25 00:00:00,P0043,S016,2,264.79,0,Failed,N
ORD000040,2024-09-19 00:00:00,P0021,S012,2,318.96,0,Failed,N
ORD000041,2024-12-25 00:00:00,P0039,S010,5,455.41,0,Paid,Y
ORD000042,2024-10-20 00:00:00,P0015,S003,3,178.29,15,Paid,N
ORD000043,2024-09-06 00:00:00,P0039,S001,4,353.2,5,Paid,N
ORD000044,2024-11-07 00:00:00,P0011,S017,2,186.24,15,Paid,N
ORD000045,2024-11-07 00:00:00,P0006,S004,4,325.79,20,Paid,N
ORD000046,2024-11-06 00:00:00,P0005,S013,4,409.0,15,Paid,N
ORD000047,2024-11-12 00:00:00,P0028,S014,5,210.41,15,Paid,N
ORD000048,2024-12-28 00:00:00,P0014,S008,1,160.02,5,Paid,N
ORD000049,2024-12-28 00:00:00,P0002,S001,4,345.3,20,Paid,N
ORD000050,2024-12-28 00:00:00,P0016,S014,3,467.23,10,Paid,N
ORD000051,2024-11-25 00:00:00,P0042,S011,2,281.97,25,Paid,N
ORD000052,2024-10-30 00:00:00,P0015,S014,2,279.75,15,Failed,N
ORD000053,2024-09-25 00:00:00,P0025,S003,4,440.8,10,Paid,N
ORD000054,2024-12-03 00:00:00,P0047,S004,2,104.9,10,Refunded,N
ORD000055,2024-09-03 00:00:00,P0029,S017,3,179.94,5,Failed,N
ORD000056,2024-09-14 00:00:00,P0033,S004,5,349.0,25,Paid,Y
ORD000057,2024-09-27 00:00:00,P0025,S006,4,106.77,15,Paid,N
ORD000058,2024-09-21 00:00:00,P0006,S011,1,94.2,5,Failed,N
ORD000059,2024-12-29 00:00:00,P0013,S013,1,75.37,0,Failed,Y
ORD000060,2024-09-12 00:00:00,P0009,S002,3,247.76,5,Paid,N
ORD000061,2024-12-10 00:00:00,P0028,S011,2,90.23,0,Paid,N
ORD000062,2024-11-25 00:00:00,P0026,S012,2,416.59,0,Refunded,N
ORD000063,2024-09-15 00:00:00,P0016,S010,2,106.3,0,Refunded,Y
ORD000064,2024-12-20 00:00:00,P0035,S009,4,489.43,20,Paid,N
ORD000065,2024-11-20 00:00:00,P0009,S014,1,321.19,10,Paid,Y
ORD000066,2024-12-17 00:00:00,P0001,S012,5,391.48,25,Paid,N
ORD000067,2024-10-19 00:00:00,P0047,S006,5,196.54,0,Refunded,Y
ORD000068,2024-11-08 00:00:00,P0013,S013,1,136.26,25,Paid,N
ORD000069,2024-12-09 00:00:00,P0031,S010,5,492.39,5,Failed,N
ORD000070,2024-10-04 00:00:00,P0047,S001,2,401.04,10,Paid,N
ORD000071,2024-09-18 00:00:00,P0046,S004,3,104.57,0,Paid,N
ORD000072,2024-12-27 00:00:00,P0017,S012,2,163.43,0,Refunded,N
ORD000073,2024-11-06 00:00:00,P0036,S004,5,104.43,10,Paid,Y
ORD000074,2024-12-20 00:00:00,P0049,S010,4,480.54,0,Paid,N
ORD000075,2024-11-19 00:00:00,P0007,S015,4,417.93,10,Paid,N
ORD000076,2024-10-20 00:00:00,P0001,S014,2,157.99,0,Failed,N
ORD000077,2024-12-12 00:00:00,P0006,S006,5,170.01,5,Failed,N
ORD000078,2024-09-09 00:00:00,P0002,S004,5,227.16,20,Paid,Y
ORD000079,2024-11-26 00:00:00,P0035,S007,3,190.13,20,Paid,N
ORD000080,2024-11-25 00:00:00,P0010,S010,3,446.1,5,Failed,N
ORD000081,2024-11-03 00:00:00,P0003,S014,1,439.75,5,Paid,Y
ORD000082,2024-09-07 00:00:00,P0036,S008,1,252.04,5,Failed,N
ORD000083,2024-12-01 00:00:00,P0028,S018,3,83.57,5,Paid,N
ORD000084,2024-09-06 00:00:00,P0035,S010,1,143.7,0,Paid,Y
ORD000085,2024-11-07 00:00:00,P0007,S002,4,408.73,15,Refunded,N
ORD000086,2024-10-13 00:00:00,P0043,S006,4,488.42,25,Paid,N
ORD000087,2024-09-06 00:00:00,P0014,S005,2,401.93,25,Refunded,N
ORD000088,2024-10-17 00:00:00,P0033,S014,3,177.65,5,Refunded,N
ORD000089,2024-12-18 00:00:00,P0043,S018,1,496.1,0,Refunded,N
ORD000090,2024-11-30 00:00:00,P0010,S017,5,474.59,20,Paid,N
ORD000091,2024-12-26 00:00:00,P0042,S008,5,265.73,10,Paid,N
ORD000092,2024-10-18 00:00:00,P0042,S010,5,393.62,20,Paid,N
ORD000093,2024-09-22 00:00:00,P0003,S012,1,313.67,15,Paid,N
ORD000094,2024-11-24 00:00:00,P0012,S004,5,82.78,20,Failed,N
ORD000095,2024-11-04 00:00:00,P0044,S004,4,469.91,5,Refunded,N
ORD000096,2024-10-13 00:00:00,P0021,S014,3,202.03,15,Paid,N
ORD000097,2024-09-14 00:00:00,P0047,S002,5,370.03,5,Paid,N
ORD000098,2024-09-18 00:00:00,P0010,S006,4,384.96,5,Refunded,N
ORD000099,2024-11-05 00:00:00,P0042,S006,4,275.06,0,Failed,N
ORD000100,2024-10-06 00:00:00,P0023,S017,4,151.16,15,Failed,N
ORD000101,2024-10-11 00:00:00,P0004,S014,4,363.75,10,Failed,N
ORD000102,2024-09-02 00:00:00,P0008,S002,3,214.31,5,Refunded,Y
ORD000103,2024-11-26 00:00:00,P0036,S016,5,362.83,25,Paid,N
ORD000104,2024-09-24 00:00:00,P0009,S015,2,417.06,15,Failed,Y
ORD000105,2024-12-17 00:00:00,P0001,S012,2,171.13,10,Refunded,N
ORD000106,2024-11-26 00:00:00,P0005,S012,2,407.77,0,Refunded,N
ORD000107,2024-11-06 00:00:00,P0001,S016,5,239.2,25,Failed,N
ORD000108,2024-12-12 00:00:00,P0013,S006,3,153.0,25,Failed,Y
ORD000109,2024-11-02 00:00:00,P0008,S013,1,211.58,15,Paid,N
ORD000110,2024-10-03 00:00:00,P0006,S004,3,128.71,0,Paid,N
ORD000111,2024-12-14 00:00:00,P0042,S015,4,477.29,25,Paid,N
ORD000112,2024-09-07 00:00:00,P0007,S010,5,226.66,25,Paid,N
ORD000113,2024-10-15 00:00:00,P0005,S011,5,133.44,0,Failed,N
ORD000114,2024-11-04 00:00:00,P0021,S002,2,411.74,10,Paid,N
ORD000115,2024-10-11 00:00:00,P0039,S016,3,151.88,0,Refunded,N
ORD000116,2024-12-17 00:00:00,P0010,S007,3,158.33,15,Refunded,N
ORD000117,2024-12-18 00:00:00,P0020,S006,2,258.6,10,Failed,Y
ORD000118,2024-10-28 00:00:00,P0030,S009,4,373.85,10,Paid,Y
ORD000119,2024-10-21 00:00:00,P0030,S004,5,429.94,15,Refunded,N
ORD000120,2024-11-18 00:00:00,P0034,S005,2,398.41,5,Failed,N
ORD000121,2024-10-27 00:00:00,P0044,S009,5,155.78,10,Paid,N
ORD000122,2024-10-01 00:00:00,P0045,S014,1,312.46,20,Paid,N
ORD000123,2024-10-30 00:00:00,P0045,S005,2,204.93,20,Paid,N
ORD000124,2024-12-12 00:00:00,P0020,S014,2,122.14,10,Refunded,N
ORD000125,2024-11-18 00:00:00,P0013,S010,2,314.64,0,Paid,N
ORD000126,2024-11-18 00:00:00,P0029,S001,2,121.31,10,Refunded,Y
ORD000127,2024-12-12 00:00:00,P0011,S011,1,95.25,0,Paid,N
ORD000128,2024-09-11 00:00:00,P0012,S015,4,127.42,20,Refunded,N
ORD000129,2024-11-17 00:00:00,P0043,S008,1,236.5,5,Paid,Y
ORD000130,2024-10-10 00:00:00,P0011,S015,2,311.86,25,Failed,N
ORD000131,2024-11-18 00:00:00,P0032,S010,4,244.34,20,Paid,N
ORD000132,2024-09-19 00:00:00,P0013,S008,3,384.8,15,Refunded,N
ORD000133,2024-11-26 00:00:00,P0038,S007,2,288.25,5,Failed,Y
ORD000134,2024-09-16 00:00:00,P0007,S010,2,365.36,15,Failed,N
ORD000135,2024-11-10 00:00:00,P0041,S008,5,244.31,25,Paid,N
ORD000136,2024-10-03 00:00:00,P0036,S010,3,156.23,5,Refunded,N
ORD000137,2024-09-25 00:00:00,P0001,S003,4,280.82,15,Paid,N
ORD000138,2024-10-30 00:00:00,P0021,S017,1,246.23,10,Paid,N
ORD000139,2024-11-21 00:00:00,P0002,S005,3,200.36,15,Failed,N
ORD000140,2024-09-15 00:00:00,P0045,S016,4,495.9,10,Paid,N
ORD000141,2024-10-16 00:00:00,P0045,S009,3,308.37,0,Paid,N
ORD000142,2024-11-22 00:00:00,P0046,S012,3,425.25,15,Failed,N
ORD000143,2024-09-23 00:00:00,P0016,S006,3,143.14,15,Paid,Y
ORD000144,2024-11-10 00:00:00,P0016,S014,3,219.92,10,Refunded,N
ORD000145,2024-12-16 00:00:00,P0050,S013,5,366.11,25,Paid,Y
ORD000146,2024-12-27 00:00:00,P0015,S016,2,353.25,5,Paid,N
ORD000147,2024-10-15 00:00:00,P0029,S011,1,343.67,10,Failed,Y
ORD000148,2024-09-07 00:00:00,P0016,S001,3,109.97,10,Paid,N
ORD000149,2024-09-24 00:00:00,P0043,S006,2,288.81,5,Paid,N
ORD000150,2024-11-10 00:00:00,P0031,S002,4,303.48,10,Paid,N
ORD000151,2024-09-10 00:00:00,P0015,S015,3,451.98,10,Paid,N
ORD000152,2024-10-06 00:00:00,P0050,S015,5,384.45,20,Paid,N
ORD000153,2024-10-01 00:00:00,P0010,S015,4,153.08,20,Failed,N
ORD000154,2024-12-26 00:00:00,P0040,S012,2,476.52,5,Paid,Y
ORD000155,2024-09-09 00:00:00,P0005,S017,5,276.86,20,Failed,N
ORD000156,2024-11-21 00:00:00,P0013,S011,4,412.61,25,Paid,N
ORD000157,2024-11-19 00:00:00,P0014,S007,1,348.66,20,Paid,Y
ORD000158,2024-12-20 00:00:00,P0020,S009,4,179.12,20,Failed,N
ORD000159,2024-09-17 00:00:00,P0016,S005,1,477.41,25,Paid,N
ORD000160,2024-09-14 00:00:00,P0040,S015,1,370.58,0,Paid,N
ORD000161,2024-12-07 00:00:00,P0037,S002,5,225.83,25,Paid,Y
ORD000162,2024-09-14 00:00:00,P0011,S007,3,338.85,5,Failed,N
ORD000163,2024-11-20 00:00:00,P0020,S007,5,198.76,15,Refunded,Y
ORD000164,2024-12-08 00:00:00,P0044,S009,4,216.1,20,Paid,N
ORD000165,2024-10-29 00:00:00,P0032,S017,1,340.61,5,Failed,Y
ORD000166,2024-09-07 00:00:00,P0043,S012,4,356.13,25,Paid,N
ORD000167,2024-10-13 00:00:00,P0002,S007,2,127.02,20,Paid,N
ORD000168,2024-10-02 00:00:00,P0028,S005,5,281.19,15,Paid,N
ORD000169,2024-09-09 00:00:00,P0048,S008,2,161.09,15,Paid,N
ORD000170,2024-09-27 00:00:00,P0044,S013,4,303.06,0,Refunded,N
ORD000171,2024-11-23 00:00:00,P0050,S013,2,427.86,15,Paid,N
ORD000172,2024-09-29 00:00:00,P0023,S018,5,312.38,0,Paid,N
ORD000173,2024-11-21 00:00:00,P0022,S015,1,58.3,0,Refunded,Y
ORD000174,2024-09-08 00:00:00,P0026,S003,2,372.11,0,Paid,N
ORD000175,2024-11-22 00:00:00,P0013,S009,2,135.38,5,Failed,N
ORD000176,2024-09-05 00:00:00,P0005,S017,2,264.66,20,Paid,Y
ORD000177,2024-09-22 00:00:00,P0048,S016,4,311.4,25,Refunded,N
ORD000178,2024-09-15 00:00:00,P0028,S004,4,78.6,25,Paid,Y
ORD000179,2024-12-22 00:00:00,P0005,S005,4,312.98,5,Refunded,N
ORD000180,2024-10-02 00:00:00,P0015,S008,2,88.31,10,Refunded,N
ORD000181,2024-09-13 00:00:00,P0016,S008,1,356.61,10,Paid,N
ORD000182,2024-10-01 00:00:00,P0033,S010,1,411.62,25,Paid,N
ORD000183,2024-12-08 00:00:00,P0043,S017,5,228.39,10,Paid,N
ORD000184,2024-12-20 00:00:00,P0040,S007,5,246.59,0,Paid,N
ORD000185,2024-12-17 00:00:00,P0007,S004,4,225.84,20,Refunded,Y
ORD000186,2024-12-04 00:00:00,P0001,S018,2,482.89,25,Paid,N
ORD000187,2024-11-29 00:00:00,P0037,S006,5,441.76,25,Paid,N
ORD000188,2024-09-09 00:00:00,P0029,S001,1,173.52,20,Paid,N
ORD000189,2024-10-23 00:00:00,P0043,S015,3,105.27,15,Paid,N
ORD000190,2024-12-26 00:00:00,P0035,S010,5,383.22,10,Failed,Y
ORD000191,2024-11-22 00:00:00,P0037,S010,2,139.3,5,Failed,N
ORD000192,2024-09-10 00:00:00,P0006,S016,2,250.48,5,Failed,N
ORD000193,2024-10-12 00:00:00,P0035,S018,3,350.99,20,Refunded,N
ORD000194,2024-12-03 00:00:00,P0002,S017,1,247.67,5,Paid,N
ORD000195,2024-12-23 00:00:00,P0028,S005,4,375.22,0,Paid,N
ORD000196,2024-12-12 00:00:00,P0016,S003,1,325.53,20,Paid,N
ORD000197,2024-09-18 00:00:00,P0021,S014,3,85.55,20,Paid,N
ORD000198,2024-10-21 00:00:00,P0024,S014,1,167.87,5,Paid,N
ORD000199,2024-11-25 00:00:00,P0035,S007,4,82.08,5,Paid,N
ORD000200,2024-12-20 00:00:00,P0044,S010,2,191.11,10,Paid,N
ORD000201,2024-10-16 00:00:00,P0016,S014,4,388.51,0,Paid,N
ORD000202,2024-11-19 00:00:00,P0001,S008,4,246.13,10,Paid,N
ORD000203,2024-12-08 00:00:00,P0050,S002,2,490.3,15,Paid,N
ORD000204,2024-12-19 00:00:00,P0003,S012,3,428.96,5,Failed,Y
ORD000205,2024-11-25 00:00:00,P0037,S003,2,394.3,5,Paid,N
ORD000206,2024-09-19 00:00:00,P0008,S005,2,483.18,20,Refunded,N
ORD000207,2024-12-17 00:00:00,P0034,S001,1,445.65,5,Failed,N
ORD000208,2024-11-25 00:00:00,P0050,S017,5,211.41,25,Failed,N
ORD000209,2024-09-13 00:00:00,P0002,S009,2,451.34,15,Refunded,Y
ORD000210,2024-10-14 00:00:00,P0048,S017,5,58.52,5,Paid,N
ORD000211,2024-12-25 00:00:00,P0019,S006,4,58.51,5,Paid,N
ORD000212,2024-11-03 00:00:00,P0035,S015,3,426.69,0,Paid,N
ORD000213,2024-10-31 00:00:00,P0045,S011,1,450.42,10,Paid,N
ORD000214,2024-10-09 00:00:00,P0032,S014,1,394.13,25,Refunded,N
ORD000215,2024-10-29 00:00:00,P0015,S007,4,104.19,20,Refunded,N
ORD000216,2024-10-15 00:00:00,P0007,S007,2,69.83,20,Refunded,Y
ORD000217,2024-09-26 00:00:00,P0012,S009,4,178.77,25,Paid,N
ORD000218,2024-09-14 00:00:00,P0001,S010,5,167.26,25,Paid,N
ORD000219,2024-10-12 00:00:00,P0043,S013,4,486.97,25,Refunded,N
ORD000220,2024-11-12 00:00:00,P0020,S015,4,224.55,25,Paid,N
ORD000221,2024-12-27 00:00:00,P0028,S003,3,143.12,25,Paid,Y
ORD000222,2024-12-19 00:00:00,P0001,S014,2,323.11,0,Paid,N
ORD000223,2024-11-24 00:00:00,P0024,S009,5,123.0,20,Paid,N
ORD000224,2024-11-01 00:00:00,P0036,S002,3,179.28,15,Paid,Y
ORD000225,2024-09-09 00:00:00,P0035,S002,3,378.11,10,Paid,N
ORD000226,2024-09-28 00:00:00,P0003,S018,5,359.47,15,Refunded,N
ORD000227,2024-09-17 00:00:00,P0019,S009,3,295.95,10,Refunded,N
ORD000228,2024-11-11 00:00:00,P0013,S007,5,256.38,15,Paid,N
ORD000229,2024-09-22 00:00:00,P0018,S014,5,274.74,10,Paid,N
ORD000230,2024-12-01 00:00:00,P0003,S007,4,110.49,25,Paid,Y
ORD000231,2024-10-16 00:00:00,P0024,S011,5,492.61,20,Paid,N
ORD000232,2024-11-21 00:00:00,P0044,S006,3,164.47,20,Paid,Y
ORD000233,2024-12-03 00:00:00,P0043,S008,4,178.51,20,Refunded,N
ORD000234,2024-09-29 00:00:00,P0021,S016,5,206.51,25,Failed,Y
ORD000235,2024-10-16 00:00:00,P0049,S016,4,434.32,20,Refunded,Y
ORD000236,2024-09-13 00:00:00,P0025,S018,2,289.53,10,Failed,N
ORD000237,2024-10-06 00:00:00,P0019,S004,1,129.88,15,Paid,N
ORD000238,2024-11-26 00:00:00,P0041,S012,1,333.83,25,Paid,N
ORD000239,2024-09-10 00:00:00,P0028,S004,4,74.61,15,Paid,N
ORD000240,2024-12-26 00:00:00,P0016,S002,2,285.36,5,Paid,Y
ORD000241,2024-11-28 00:00:00,P0001,S018,2,400.29,5,Paid,N
ORD000242,2024-11-08 00:00:00,P0047,S008,4,413.97,10,Paid,N
ORD000243,2024-09-07 00:00:00,P0009,S014,2,436.58,0,Paid,N
ORD000244,2024-12-21 00:00:00,P0005,S018,1,57.97,25,Refunded,N
ORD000245,2024-10-15 00:00:00,P0010,S015,5,234.49,0,Paid,N
ORD000246,2024-09-09 00:00:00,P0041,S006,1,436.86,5,Paid,N
ORD000247,2024-12-07 00:00:00,P0006,S010,5,74.55,15,Refunded,N
ORD000248,2024-11-01 00:00:00,P0020,S003,2,239.37,25,Paid,N
ORD000249,2024-11-16 00:00:00,P0028,S012,5,141.27,10,Paid,N
ORD000250,2024-10-16 00:00:00,P0007,S002,4,384.74,15,Refunded,N
ORD000251,2024-11-08 00:00:00,P0024,S011,4,417.01,0,Refunded,N
ORD000252,2024-12-25 00:00:00,P0002,S006,4,232.82,25,Failed,Y
ORD000253,2024-10-28 00:00:00,P0034,S010,3,394.41,10,Refunded,N
ORD000254,2024-12-23 00:00:00,P0015,S016,3,346.83,0,Paid,N
ORD000255,2024-10-01 00:00:00,P0013,S003,2,368.38,10,Refunded,Y
ORD000256,2024-12-28 00:00:00,P0028,S002,4,390.62,15,Paid,N
ORD000257,2024-09-01 00:00:00,P0029,S002,3,92.0,20,Paid,N
ORD000258,2024-09-24 00:00:00,P0018,S005,1,386.33,5,Refunded,N
ORD000259,2024-10-17 00:00:00,P0022,S017,2,324.31,15,Failed,N
ORD000260,2024-12-26 00:00:00,P0014,S018,1,181.47,10,Paid,N
ORD000261,2024-10-05 00:00:00,P0038,S002,1,105.17,20,Failed,N
ORD000262,2024-12-14 00:00:00,P0050,S008,2,220.75,25,Refunded,N
ORD000263,2024-12-26 00:00:00,P0021,S014,1,180.44,0,Refunded,N
ORD000264,2024-09-23 00:00:00,P0022,S018,3,375.25,10,Refunded,N
ORD000265,2024-10-24 00:00:00,P0040,S015,3,283.16,0,Failed,N
ORD000266,2024-09-07 00:00:00,P0013,S009,4,121.76,10,Failed,N
ORD000267,2024-12-09 00:00:00,P0009,S006,5,202.94,5,Failed,N
ORD000268,2024-11-07 00:00:00,P0017,S018,5,429.17,20,Paid,N
ORD000269,2024-12-20 00:00:00,P0024,S017,2,73.73,10,Paid,N
ORD000270,2024-12-12 00:00:00,P0030,S002,2,339.41,0,Paid,N
ORD000271,2024-09-29 00:00:00,P0046,S015,2,92.73,25,Paid,N
ORD000272,2024-12-23 00:00:00,P0033,S002,1,320.97,20,Paid,N
ORD000273,2024-11-25 00:00:00,P0008,S013,5,149.91,5,Failed,N
ORD000274,2024-12-17 00:00:00,P0003,S003,4,336.88,5,Paid,Y
ORD000275,2024-11-12 00:00:00,P0049,S013,4,214.99,20,Paid,N
ORD000276,2024-11-29 00:00:00,P0002,S017,3,303.29,25,Failed,N
ORD000277,2024-09-05 00:00:00,P0031,S018,3,358.99,25,Paid,N
ORD000278,2024-10-17 00:00:00,P0016,S015,3,298.13,5,Paid,N
ORD000279,2024-11-30 00:00:00,P0002,S006,4,54.16,25,Failed,Y
ORD000280,2024-11-05 00:00:00,P0011,S014,4,315.12,25,Paid,Y
ORD000281,2024-11-18 00:00:00,P0031,S018,3,404.06,10,Refunded,N
ORD000282,2024-12-23 00:00:00,P0034,S011,5,193.52,10,Failed,N
ORD000283,2024-12-06 00:00:00,P0037,S006,5,330.2,25,Paid,Y
ORD000284,2024-12-15 00:00:00,P0021,S004,5,407.43,25,Paid,N
ORD000285,2024-10-09 00:00:00,P0021,S004,3,327.64,5,Refunded,N
ORD000286,2024-12-16 00:00:00,P0023,S001,4,166.55,0,Refunded,N
ORD000287,2024-09-19 00:00:00,P0027,S002,1,383.21,20,Failed,Y
ORD000288,2024-09-12 00:00:00,P0034,S009,2,344.28,20,Paid,N
ORD000289,2024-10-31 00:00:00,P0006,S012,1,442.91,15,Refunded,N
ORD000290,2024-11-02 00:00:00,P0041,S004,5,250.9,5,Paid,N
ORD000291,2024-10-13 00:00:00,P0005,S010,5,383.46,15,Paid,N
ORD000292,2024-11-25 00:00:00,P0012,S004,3,276.07,10,Paid,N
ORD000293,2024-11-29 00:00:00,P0019,S008,3,88.53,15,Paid,N
ORD000294,2024-09-19 00:00:00,P0004,S013,1,270.36,25,Paid,N
ORD000295,2024-10-19 00:00:00,P0005,S003,2,432.39,10,Paid,N
ORD000296,2024-09-10 00:00:00,P0036,S007,4,392.33,15,Refunded,Y
ORD000297,2024-12-23 00:00:00,P0048,S016,2,242.01,25,Paid,N
ORD000298,2024-11-01 00:00:00,P0005,S013,4,181.09,5,Failed,Y
ORD000299,2024-11-04 00:00:00,P0030,S017,4,184.61,0,Failed,N
ORD000300,2024-11-17 00:00:00,P0033,S010,4,412.52,20,Paid,N
ORD000301,2024-10-19 00:00:00,P0005,S009,1,72.91,25,Paid,N
ORD000302,2024-10-02 00:00:00,P0013,S018,1,115.84,20,Paid,Y
ORD000303,2024-12-09 00:00:00,P0049,S007,4,334.75,15,Paid,N
ORD000304,2024-12-14 00:00:00,P0008,S012,4,458.62,0,Paid,N
ORD000305,2024-12-25 00:00:00,P0047,S002,3,384.14,25,Paid,N
ORD000306,2024-12-19 00:00:00,P0008,S007,3,82.24,15,Paid,N
ORD000307,2024-09-28 00:00:00,P0043,S011,4,258.46,15,Paid,N
ORD000308,2024-10-08 00:00:00,P0008,S008,5,152.19,0,Paid,Y
ORD000309,2024-12-20 00:00:00,P0003,S014,4,361.34,15,Paid,N
ORD000310,2024-10-07 00:00:00,P0024,S013,5,202.85,5,Failed,N
ORD000311,2024-10-29 00:00:00,P0049,S009,4,392.96,10,Paid,N
ORD000312,2024-12-20 00:00:00,P0024,S009,3,228.59,20,Paid,N
ORD000313,2024-09-15 00:00:00,P0025,S002,2,290.3,5,Failed,N
ORD000314,2024-11-15 00:00:00,P0015,S016,3,168.39,10,Paid,N
ORD000315,2024-12-21 00:00:00,P0022,S016,5,388.17,0,Paid,N
ORD000316,2024-12-17 00:00:00,P0008,S008,5,318.01,0,Refunded,N
ORD000317,2024-12-29 00:00:00,P0015,S008,4,83.42,25,Failed,N
ORD000318,2024-11-12 00:00:00,P0035,S018,4,373.79,10,Paid,Y
ORD000319,2024-12-02 00:00:00,P0017,S018,1,373.15,10,Paid,N
ORD000320,2024-11-30 00:00:00,P0001,S014,3,333.92,10,Paid,N
ORD000321,2024-09-06 00:00:00,P0037,S009,5,362.72,5,Paid,N
ORD000322,2024-09-15 00:00:00,P0028,S016,5,297.6,10,Paid,Y
ORD000323,2024-10-02 00:00:00,P0037,S008,4,323.75,25,Paid,N
ORD000324,2024-11-22 00:00:00,P0001,S007,5,241.69,10,Paid,N
ORD000325,2024-10-27 00:00:00,P0005,S010,2,302.44,25,Refunded,N
ORD000326,2024-10-23 00:00:00,P0046,S008,4,498.47,25,Paid,N
ORD000327,2024-10-05 00:00:00,P0041,S004,1,194.45,0,Paid,N
ORD000328,2024-12-20 00:00:00,P0017,S001,1,330.4,25,Paid,Y
ORD000329,2024-11-25 00:00:00,P0026,S006,4,171.03,5,Refunded,N
ORD000330,2024-09-08 00:00:00,P0021,S018,3,406.63,25,Paid,N
ORD000331,2024-12-16 00:00:00,P0001,S014,2,438.08,10,Paid,N
ORD000332,2024-12-17 00:00:00,P0025,S012,2,317.15,5,Refunded,N
ORD000333,2024-11-18 00:00:00,P0025,S018,1,376.5,10,Paid,N
ORD000334,2024-09-16 00:00:00,P0043,S016,1,149.48,15,Refunded,N
ORD000335,2024-09-13 00:00:00,P0049,S009,4,176.13,5,Refunded,N
ORD000336,2024-12-13 00:00:00,P0021,S009,2,405.21,10,Paid,N
ORD000337,2024-12-20 00:00:00,P0048,S015,1,460.37,5,Failed,N
ORD000338,2024-09-04 00:00:00,P0041,S010,5,199.89,5,Paid,N
ORD000339,2024-09-06 00:00:00,P0041,S005,2,270.79,5,Paid,N
ORD000340,2024-12-22 00:00:00,P0042,S005,2,151.68,20,Paid,N
ORD000341,2024-10-02 00:00:00,P0040,S003,5,342.2,0,Paid,N
ORD000342,2024-11-01 00:00:00,P0045,S004,5,181.75,0,Paid,N
ORD000343,2024-09-22 00:00:00,P0015,S015,4,266.37,20,Paid,N
ORD000344,2024-11-01 00:00:00,P0045,S012,5,222.92,0,Paid,Y
ORD000345,2024-11-05 00:00:00,P0033,S001,4,388.94,5,Paid,N
ORD000346,2024-09-20 00:00:00,P0008,S017,2,406.49,15,Refunded,Y
ORD000347,2024-10-08 00:00:00,P0023,S003,1,307.55,15,Paid,N
ORD000348,2024-12-24 00:00:00,P0019,S011,2,108.93,0,Refunded,Y
ORD000349,2024-12-17 00:00:00,P0050,S010,4,382.63,15,Refunded,N
ORD000350,2024-09-12 00:00:00,P0029,S005,2,294.87,15,Paid,N
ORD000351,2024-09-03 00:00:00,P0029,S002,2,105.8,15,Paid,N
ORD000352,2024-12-30 00:00:00,P0047,S009,1,157.97,5,Paid,Y
ORD000353,2024-11-15 00:00:00,P0047,S016,2,303.77,20,Refunded,Y
ORD000354,2024-10-23 00:00:00,P0014,S005,2,194.15,25,Paid,N
ORD000355,2024-11-05 00:00:00,P0050,S010,5,307.34,5,Paid,N
ORD000356,2024-09-13 00:00:00,P0014,S007,2,86.56,0,Failed,Y
ORD000357,2024-12-30 00:00:00,P0011,S017,1,233.97,20,Failed,N
ORD000358,2024-12-10 00:00:00,P0035,S014,1,71.67,0,Paid,N
ORD000359,2024-12-19 00:00:00,P0047,S016,2,121.53,25,Paid,N
ORD000360,2024-09-07 00:00:00,P0035,S011,2,473.56,5,Failed,N
ORD000361,2024-12-27 00:00:00,P0023,S012,5,442.44,0,Refunded,N
ORD000362,2024-11-04 00:00:00,P0036,S018,2,220.28,10,Paid,N
ORD000363,2024-10-14 00:00:00,P0004,S007,3,426.1,10,Paid,N
ORD000364,2024-12-11 00:00:00,P0042,S018,4,52.12,0,Paid,N
ORD000365,2024-12-08 00:00:00,P0004,S004,4,285.92,10,Paid,N
ORD000366,2024-09-18 00:00:00,P0034,S003,2,200.06,10,Paid,N
ORD000367,2024-09-28 00:00:00,P0031,S008,5,471.97,10,Failed,N
ORD000368,2024-11-26 00:00:00,P0030,S016,4,145.47,5,Failed,N
ORD000369,2024-11-19 00:00:00,P0037,S005,3,208.58,20,Failed,N
ORD000370,2024-10-24 00:00:00,P0008,S009,5,231.66,5,Paid,N
ORD000371,2024-10-25 00:00:00,P0033,S003,1,187.18,15,Failed,N
ORD000372,2024-10-19 00:00:00,P0039,S011,4,193.9,15,Paid,N
ORD000373,2024-09-30 00:00:00,P0041,S007,1,77.96,10,Paid,N
ORD000374,2024-12-27 00:00:00,P0050,S013,4,211.46,10,Paid,N
ORD000375,2024-12-05 00:00:00,P0034,S018,3,51.93,5,Paid,N
ORD000376,2024-09-22 00:00:00,P0009,S015,5,410.05,0,Paid,N
ORD000377,2024-12-16 00:00:00,P0020,S018,4,344.17,0,Paid,Y
ORD000378,2024-10-01 00:00:00,P0036,S017,5,383.3,15,Paid,N
ORD000379,2024-12-09 00:00:00,P0040,S014,4,171.33,25,Refunded,N
ORD000380,2024-09-06 00:00:00,P0041,S012,2,479.17,0,Refunded,Y
ORD000381,2024-10-18 00:00:00,P0002,S009,1,234.11,0,Failed,N
ORD000382,2024-09-14 00:00:00,P0009,S015,3,349.1,0,Paid,N
ORD000383,2024-10-10 00:00:00,P0032,S003,1,356.09,25,Refunded,Y
ORD000384,2024-09-22 00:00:00,P0043,S004,1,492.61,5,Paid,N
ORD000385,2024-10-10 00:00:00,P0026,S008,2,475.17,0,Paid,N
ORD000386,2024-10-12 00:00:00,P0008,S014,2,248.75,25,Paid,N
ORD000387,2024-12-21 00:00:00,P0033,S006,2,322.72,15,Paid,N
ORD000388,2024-11-29 00:00:00,P0050,S008,1,397.74,10,Paid,N
ORD000389,2024-09-17 00:00:00,P0041,S010,2,149.89,10,Refunded,N
ORD000390,2024-11-09 00:00:00,P0019,S001,2,465.99,20,Refunded,Y
ORD000391,2024-10-17 00:00:00,P0015,S007,3,236.91,15,Refunded,N
ORD000392,2024-11-27 00:00:00,P0036,S003,1,311.22,10,Failed,Y
ORD000393,2024-11-29 00:00:00,P0002,S003,1,348.4,15,Paid,N
ORD000394,2024-11-26 00:00:00,P0025,S006,5,62.41,0,Paid,N
ORD000395,2024-09-16 00:00:00,P0018,S009,1,471.37,0,Failed,N
ORD000396,2024-12-15 00:00:00,P0042,S013,4,56.87,25,Paid,Y
ORD000397,2024-09-12 00:00:00,P0028,S010,2,279.21,10,Paid,N
ORD000398,2024-10-13 00:00:00,P0020,S005,4,411.0,10,Paid,N
ORD000399,2024-09-10 00:00:00,P0002,S014,2,305.43,0,Refunded,Y
ORD000400,2024-09-13 00:00:00,P0026,S001,4,442.99,20,Failed,N
ORD000401,2024-10-31 00:00:00,P0008,S008,1,467.36,15,Paid,N
ORD000402,2024-10-01 00:00:00,P0017,S013,3,200.41,15,Refunded,Y
ORD000403,2024-11-26 00:00:00,P0050,S008,5,229.83,15,Failed,N
ORD000404,2024-10-30 00:00:00,P0043,S015,1,121.26,5,Paid,N
ORD000405,2024-10-29 00:00:00,P0007,S009,3,316.58,0,Paid,Y
ORD000406,2024-09-27 00:00:00,P0008,S008,1,443.46,10,Paid,N
ORD000407,2024-10-02 00:00:00,P0032,S009,1,272.44,5,Failed,N
ORD000408,2024-09-14 00:00:00,P0032,S006,2,129.97,5,Paid,N
ORD000409,2024-11-19 00:00:00,P0027,S015,1,136.31,20,Failed,N
ORD000410,2024-10-05 00:00:00,P0032,S002,3,289.14,25,Paid,N
ORD000411,2024-10-30 00:00:00,P0021,S005,2,310.23,15,Paid,N
ORD000412,2024-12-12 00:00:00,P0018,S010,4,257.4,0,Paid,N
ORD000413,2024-09-09 00:00:00,P0013,S009,2,369.42,10,Failed,Y
ORD000414,2024-10-08 00:00:00,P0010,S018,1,195.23,25,Paid,N
ORD000415,2024-10-17 00:00:00,P0047,S005,1,200.98,15,Paid,Y
ORD000416,2024-10-30 00:00:00,P0018,S016,1,130.2,25,Paid,Y
ORD000417,2024-09-17 00:00:00,P0009,S003,3,347.32,10,Paid,N
ORD000418,2024-09-06 00:00:00,P0025,S014,3,89.86,5,Refunded,N
ORD000419,2024-12-16 00:00:00,P0024,S010,2,143.58,0,Refunded,N
ORD000420,2024-09-18 00:00:00,P0012,S013,1,347.74,15,Paid,Y
ORD000421,2024-12-01 00:00:00,P0029,S003,5,399.59,15,Paid,N
ORD000422,2024-11-29 00:00:00,P0039,S015,1,300.22,5,Paid,N
ORD000423,2024-10-03 00:00:00,P0047,S018,2,488.06,10,Paid,N
ORD000424,2024-12-25 00:00:00,P0030,S007,5,346.6,10,Paid,N
ORD000425,2024-10-19 00:00:00,P0018,S012,2,293.15,15,Paid,N
ORD000426,2024-10-08 00:00:00,P0007,S010,3,83.37,10,Paid,N
ORD000427,2024-10-23 00:00:00,P0042,S008,5,315.2,20,Paid,N
ORD000428,2024-11-07 00:00:00,P0015,S006,1,103.22,15,Refunded,Y
ORD000429,2024-09-27 00:00:00,P0027,S006,1,496.98,15,Paid,N
ORD000430,2024-12-15 00:00:00,P0012,S011,1,221.88,0,Failed,Y
ORD000431,2024-09-09 00:00:00,P0027,S010,5,257.13,10,Failed,N
ORD000432,2024-10-31 00:00:00,P0023,S001,5,68.28,25,Refunded,Y
ORD000433,2024-09-15 00:00:00,P0020,S001,1,413.71,20,Paid,N
ORD000434,2024-10-08 00:00:00,P0037,S018,3,327.7,15,Paid,N
ORD000435,2024-11-23 00:00:00,P0038,S009,4,240.87,20,Failed,Y
ORD000436,2024-12-20 00:00:00,P0019,S007,5,249.89,0,Refunded,N
ORD000437,2024-10-29 00:00:00,P0032,S011,1,135.06,0,Paid,N
ORD000438,2024-09-02 00:00:00,P0003,S011,3,217.57,20,Paid,N
ORD000439,2024-12-02 00:00:00,P0040,S009,2,221.0,15,Paid,N
ORD000440,2024-09-19 00:00:00,P0033,S011,4,381.18,0,Refunded,N
ORD000441,2024-12-06 00:00:00,P0043,S011,3,156.05,5,Paid,N
ORD000442,2024-12-05 00:00:00,P0034,S006,4,72.36,10,Refunded,N
ORD000443,2024-10-31 00:00:00,P0030,S001,5,388.63,0,Paid,N
ORD000444,2024-10-25 00:00:00,P0005,S008,1,178.13,5,Failed,N
ORD000445,2024-09-07 00:00:00,P0006,S007,3,429.79,0,Refunded,N
ORD000446,2024-11-01 00:00:00,P0043,S010,2,422.42,15,Refunded,N
ORD000447,2024-09-15 00:00:00,P0036,S008,3,432.48,25,Refunded,Y
ORD000448,2024-11-13 00:00:00,P0033,S001,1,338.5,5,Failed,N
ORD000449,2024-09-24 00:00:00,P0036,S006,5,83.29,0,Refunded,N
ORD000450,2024-09-26 00:00:00,P0001,S005,3,60.98,25,Failed,N
ORD000451,2024-09-08 00:00:00,P0014,S018,1,251.26,25,Paid,N
ORD000452,2024-12-15 00:00:00,P0049,S014,1,411.12,15,Refunded,N
ORD000453,2024-11-26 00:00:00,P0005,S004,2,96.94,20,Paid,Y
ORD000454,2024-12-17 00:00:00,P0038,S007,5,154.58,5,Paid,N
ORD000455,2024-12-27 00:00:00,P0007,S008,5,356.96,20,Failed,N
ORD000456,2024-12-22 00:00:00,P0037,S004,1,319.54,5,Refunded,N
ORD000457,2024-09-22 00:00:00,P0029,S017,1,466.77,15,Paid,N
ORD000458,2024-11-24 00:00:00,P0005,S004,4,247.63,20,Paid,N
ORD000459,2024-10-19 00:00:00,P0023,S012,1,182.45,10,Paid,N
ORD000460,2024-11-18 00:00:00,P0049,S018,1,270.69,15,Paid,Y
ORD000461,2024-11-30 00:00:00,P0047,S016,5,297.68,0,Paid,N
ORD000462,2024-10-16 00:00:00,P0032,S014,4,440.22,5,Paid,N
ORD000463,2024-10-27 00:00:00,P0007,S006,3,157.06,5,Paid,N
ORD000464,2024-10-28 00:00:00,P0014,S014,3,101.8,5,Paid,N
ORD000465,2024-10-30 00:00:00,P0035,S006,1,306.08,5,Paid,N
ORD000466,2024-10-13 00:00:00,P0018,S014,2,110.28,25,Failed,N
ORD000467,2024-10-09 00:00:00,P0041,S018,3,381.15,15,Failed,Y
ORD000468,2024-11-14 00:00:00,P0037,S003,5,168.26,10,Paid,N
ORD000469,2024-09-19 00:00:00,P0044,S002,2,203.58,0,Paid,N
ORD000470,2024-10-04 00:00:00,P0010,S016,2,385.08,25,Paid,N
ORD000471,2024-11-08 00:00:00,P0030,S017,5,483.05,15,Paid,N
ORD000472,2024-09-06 00:00:00,P0001,S012,2,271.81,15,Refunded,N
ORD000473,2024-10-29 00:00:00,P0002,S004,4,160.99,10,Failed,N
ORD000474,2024-12-18 00:00:00,P0038,S001,4,360.56,25,Failed,N
ORD000475,2024-10-09 00:00:00,P0034,S011,4,403.88,0,Refunded,N
ORD000476,2024-10-09 00:00:00,P0041,S015,2,490.29,5,Paid,N
ORD000477,2024-11-08 00:00:00,P0019,S009,3,458.3,20,Paid,N
ORD000478,2024-11-28 00:00:00,P0005,S016,5,205.4,15,Paid,N
ORD000479,2024-10-27 00:00:00,P0025,S004,5,433.28,15,Paid,N
ORD000480,2024-11-27 00:00:00,P0003,S007,5,250.0,15,Failed,N
ORD000481,2024-11-09 00:00:00,P0033,S005,1,395.41,5,Refunded,N
ORD000482,2024-10-30 00:00:00,P0031,S015,4,233.48,20,Paid,N
ORD000483,2024-10-08 00:00:00,P0036,S018,2,156.82,5,Paid,N
ORD000484,2024-11-21 00:00:00,P0025,S009,5,179.01,15,Paid,Y
ORD000485,2024-11-29 00:00:00,P0049,S012,4,87.51,10,Failed,N
ORD000486,2024-12-13 00:00:00,P0043,S013,4,71.08,20,Paid,N
ORD000487,2024-10-19 00:00:00,P0037,S011,5,237.27,20,Paid,N
ORD000488,2024-12-06 00:00:00,P0042,S010,2,123.15,0,Paid,N
ORD000489,2024-09-09 00:00:00,P0047,S007,2,62.64,10,Refunded,Y
ORD000490,2024-09-17 00:00:00,P0018,S008,1,119.59,15,Failed,Y
ORD000491,2024-10-02 00:00:00,P0006,S005,3,284.0,10,Refunded,Y
ORD000492,2024-12-26 00:00:00,P0006,S001,5,445.96,20,Paid,N
ORD000493,2024-11-20 00:00:00,P0005,S002,2,458.8,0,Paid,Y
ORD000494,2024-12-05 00:00:00,P0038,S016,3,494.52,20,Paid,N
ORD000495,2024-12-08 00:00:00,P0017,S003,2,443.56,25,Paid,N
ORD000496,2024-12-02 00:00:00,P0023,S003,1,394.34,20,Paid,Y
ORD000497,2024-10-18 00:00:00,P0011,S018,2,211.12,25,Refunded,N
ORD000498,2024-11-20 00:00:00,P0022,S014,2,145.96,20,Paid,N
ORD000499,2024-12-29 00:00:00,P0046,S005,4,416.1,20,Paid,N
ORD000500,2024-10-30 00:00:00,P0007,S007,2,115.79,15,Refunded,Y
ORD000501,2024-10-26 00:00:00,P0016,S014,4,433.83,25,Paid,N
ORD000502,2024-10-29 00:00:00,P0026,S014,2,118.97,5,Paid,N
ORD000503,2024-09-14 00:00:00,P0042,S012,1,394.64,15,Paid,N
ORD000504,2024-09-30 00:00:00,P0030,S014,5,141.83,20,Refunded,N
ORD000505,2024-11-05 00:00:00,P0039,S004,4,263.8,25,Paid,N
ORD000506,2024-10-15 00:00:00,P0017,S009,5,421.42,5,Refunded,N
ORD000507,2024-10-10 00:00:00,P0024,S010,1,480.94,20,Paid,N
ORD000508,2024-10-18 00:00:00,P0028,S018,3,197.4,0,Refunded,N
ORD000509,2024-12-16 00:00:00,P0029,S014,3,290.69,0,Paid,N
ORD000510,2024-11-04 00:00:00,P0037,S008,2,493.81,0,Paid,N
ORD000511,2024-10-10 00:00:00,P0025,S014,1,177.84,10,Paid,Y
ORD000512,2024-11-14 00:00:00,P0007,S007,4,473.64,5,Paid,N
ORD000513,2024-11-11 00:00:00,P0031,S015,5,204.05,15,Failed,N
ORD000514,2024-12-20 00:00:00,P0024,S013,4,466.92,20,Paid,N
ORD000515,2024-10-07 00:00:00,P0034,S007,4,107.91,0,Paid,N
ORD000516,2024-11-01 00:00:00,P0015,S018,3,480.17,10,Paid,N
ORD000517,2024-12-24 00:00:00,P0043,S004,3,92.77,25,Refunded,N
ORD000518,2024-10-20 00:00:00,P0020,S014,1,400.14,20,Failed,N
ORD000519,2024-09-17 00:00:00,P0017,S007,5,202.66,15,Paid,N
ORD000520,2024-12-18 00:00:00,P0009,S004,1,377.26,0,Refunded,N
ORD000521,2024-09-25 00:00:00,P0004,S004,3,262.32,0,Paid,N
ORD000522,2024-12-03 00:00:00,P0024,S005,4,337.77,5,Failed,Y
ORD000523,2024-12-11 00:00:00,P0005,S002,1,50.33,15,Paid,N
ORD000524,2024-12-24 00:00:00,P0037,S004,3,188.86,10,Paid,N
ORD000525,2024-12-20 00:00:00,P0043,S016,2,409.13,10,Failed,Y
ORD000526,2024-12-02 00:00:00,P0041,S003,1,357.47,10,Refunded,N
ORD000527,2024-10-31 00:00:00,P0004,S006,1,163.12,20,Failed,N
ORD000528,2024-11-10 00:00:00,P0046,S013,2,295.68,5,Refunded,N
ORD000529,2024-12-01 00:00:00,P0019,S015,1,130.37,20,Refunded,N
ORD000530,2024-09-05 00:00:00,P0026,S018,4,435.51,25,Paid,N
ORD000531,2024-12-09 00:00:00,P0038,S015,4,323.67,20,Refunded,N
ORD000532,2024-09-18 00:00:00,P0002,S003,2,278.92,15,Paid,N
ORD000533,2024-10-26 00:00:00,P0015,S002,2,158.21,20,Paid,N
ORD000534,2024-10-30 00:00:00,P0018,S015,4,68.63,20,Paid,N
ORD000535,2024-12-14 00:00:00,P0041,S013,2,147.39,10,Paid,N
ORD000536,2024-11-08 00:00:00,P0039,S001,4,392.76,0,Paid,N
ORD000537,2024-12-17 00:00:00,P0044,S002,1,385.81,5,Refunded,N
ORD000538,2024-10-12 00:00:00,P0018,S009,4,372.88,25,Paid,N
ORD000539,2024-12-24 00:00:00,P0012,S004,2,252.7,20,Paid,N
ORD000540,2024-10-23 00:00:00,P0050,S011,3,432.34,5,Refunded,N
ORD000541,2024-09-02 00:00:00,P0004,S012,2,199.43,5,Refunded,N
ORD000542,2024-09-10 00:00:00,P0028,S010,1,243.35,5,Refunded,N
ORD000543,2024-12-20 00:00:00,P0044,S006,1,222.22,25,Failed,N
ORD000544,2024-09-09 00:00:00,P0015,S015,4,50.16,25,Paid,N
ORD000545,2024-11-29 00:00:00,P0021,S012,3,403.75,15,Paid,N
ORD000546,2024-10-20 00:00:00,P0017,S008,4,108.79,0,Refunded,N
ORD000547,2024-09-25 00:00:00,P0042,S018,2,384.67,10,Refunded,N
ORD000548,2024-12-11 00:00:00,P0007,S012,3,127.81,25,Paid,N
ORD000549,2024-10-01 00:00:00,P0023,S002,5,290.79,0,Paid,N
ORD000550,2024-10-06 00:00:00,P0007,S013,3,153.05,0,Paid,N
ORD000551,2024-12-14 00:00:00,P0008,S004,2,273.22,20,Failed,N
ORD000552,2024-11-03 00:00:00,P0018,S015,3,51.45,5,Paid,Y
ORD000553,2024-12-05 00:00:00,P0011,S003,3,437.33,10,Paid,N
ORD000554,2024-12-10 00:00:00,P0001,S002,4,154.37,15,Refunded,N
ORD000555,2024-09-26 00:00:00,P0038,S001,3,453.16,25,Paid,Y
ORD000556,2024-12-11 00:00:00,P0008,S006,1,225.03,10,Paid,N
ORD000557,2024-12-13 00:00:00,P0050,S007,3,274.9,0,Paid,N
ORD000558,2024-09-01 00:00:00,P0023,S018,3,113.29,5,Paid,Y
ORD000559,2024-09-25 00:00:00,P0043,S012,5,131.46,5,Paid,N
ORD000560,2024-09-02 00:00:00,P0031,S009,5,339.47,0,Failed,N
ORD000561,2024-11-15 00:00:00,P0015,S007,1,316.68,0,Paid,N
ORD000562,2024-10-05 00:00:00,P0021,S011,3,480.89,0,Failed,N
ORD000563,2024-09-21 00:00:00,P0010,S003,1,329.52,15,Failed,Y
ORD000564,2024-10-11 00:00:00,P0006,S014,3,206.04,5,Paid,Y
ORD000565,2024-09-28 00:00:00,P0050,S016,5,181.87,10,Paid,N
ORD000566,2024-10-01 00:00:00,P0027,S003,1,423.81,25,Paid,N
ORD000567,2024-10-10 00:00:00,P0032,S003,5,335.52,5,Paid,N
ORD000568,2024-11-28 00:00:00,P0007,S001,2,301.69,0,Paid,Y
ORD000569,2024-10-07 00:00:00,P0002,S013,2,229.44,5,Paid,N
ORD000570,2024-12-17 00:00:00,P0033,S002,2,176.86,15,Paid,N
ORD000571,2024-11-06 00:00:00,P0049,S005,1,81.46,0,Failed,N
ORD000572,2024-12-07 00:00:00,P0042,S010,2,257.08,20,Paid,N
ORD000573,2024-09-19 00:00:00,P0047,S012,3,353.4,25,Paid,N
ORD000574,2024-10-01 00:00:00,P0015,S005,4,388.55,10,Paid,N
ORD000575,2024-09-03 00:00:00,P0047,S009,4,60.69,10,Paid,N
ORD000576,2024-09-09 00:00:00,P0026,S012,2,325.73,25,Paid,Y
ORD000577,2024-12-21 00:00:00,P0009,S012,2,191.39,25,Paid,N
ORD000578,2024-11-19 00:00:00,P0016,S010,4,213.64,10,Paid,N
ORD000579,2024-10-14 00:00:00,P0026,S006,1,81.5,10,Paid,N
ORD000580,2024-12-14 00:00:00,P0039,S006,5,172.45,20,Failed,Y
ORD000581,2024-09-01 00:00:00,P0014,S016,2,453.1,0,Failed,N
ORD000582,2024-11-25 00:00:00,P0044,S011,4,102.94,15,Paid,N
ORD000583,2024-09-13 00:00:00,P0023,S003,2,276.44,5,Paid,N
ORD000584,2024-09-07 00:00:00,P0032,S010,2,369.24,10,Paid,N
ORD000585,2024-10-14 00:00:00,P0049,S012,4,116.06,15,Paid,N
ORD000586,2024-11-24 00:00:00,P0032,S008,4,367.22,20,Paid,N
ORD000587,2024-12-16 00:00:00,P0020,S004,5,70.11,0,Failed,N
ORD000588,2024-10-16 00:00:00,P0039,S016,2,260.47,25,Paid,Y
ORD000589,2024-11-02 00:00:00,P0001,S007,2,208.92,25,Failed,N
ORD000590,2024-11-27 00:00:00,P0030,S009,2,378.56,15,Failed,N
ORD000591,2024-10-26 00:00:00,P0010,S007,3,163.02,5,Paid,N
ORD000592,2024-11-29 00:00:00,P0010,S005,5,378.1,10,Paid,N
ORD000593,2024-10-28 00:00:00,P0044,S008,4,189.56,20,Paid,N
ORD000594,2024-11-06 00:00:00,P0018,S016,2,480.03,5,Refunded,N
ORD000595,2024-12-05 00:00:00,P0020,S018,1,182.79,0,Refunded,N
ORD000596,2024-09-22 00:00:00,P0044,S002,2,442.13,25,Paid,N
ORD000597,2024-12-20 00:00:00,P0020,S013,1,223.86,15,Paid,Y
ORD000598,2024-11-08 00:00:00,P0037,S014,2,130.68,15,Failed,N
ORD000599,2024-12-11 00:00:00,P0015,S016,5,283.38,10,Failed,N
ORD000600,2024-10-04 00:00:00,P0045,S003,3,337.78,0,Failed,N
ORD000601,2024-12-14 00:00:00,P0013,S002,3,272.68,5,Paid,N
ORD000602,2024-09-13 00:00:00,P0037,S011,1,465.05,0,Failed,N
ORD000603,2024-10-25 00:00:00,P0026,S004,1,469.47,25,Paid,N
ORD000604,2024-11-14 00:00:00,P0010,S003,3,447.42,5,Refunded,N
ORD000605,2024-10-05 00:00:00,P0030,S016,3,120.1,15,Paid,Y
ORD000606,2024-10-20 00:00:00,P0029,S004,2,130.94,5,Failed,Y
ORD000607,2024-10-23 00:00:00,P0017,S002,3,220.83,15,Paid,Y
ORD000608,2024-10-06 00:00:00,P0042,S009,5,225.97,25,Paid,N
ORD000609,2024-09-07 00:00:00,P0016,S007,2,257.81,25,Paid,N
ORD000610,2024-10-05 00:00:00,P0049,S015,3,433.28,20,Paid,N
ORD000611,2024-10-01 00:00:00,P0035,S011,5,207.77,20,Paid,Y
ORD000612,2024-11-18 00:00:00,P0045,S012,1,292.88,10,Refunded,N
ORD000613,2024-12-30 00:00:00,P0038,S017,1,108.96,25,Paid,N
ORD000614,2024-09-14 00:00:00,P0031,S015,4,400.18,20,Refunded,Y
ORD000615,2024-11-16 00:00:00,P0032,S010,1,423.15,25,Paid,N
ORD000616,2024-11-21 00:00:00,P0037,S018,5,60.79,10,Paid,Y
ORD000617,2024-11-13 00:00:00,P0029,S011,3,365.68,5,Refunded,N
ORD000618,2024-09-24 00:00:00,P0044,S012,5,79.77,15,Paid,N
ORD000619,2024-12-29 00:00:00,P0048,S015,1,410.17,5,Failed,N
ORD000620,2024-12-10 00:00:00,P0024,S006,3,250.91,25,Refunded,N
ORD000621,2024-10-14 00:00:00,P0025,S001,4,377.24,25,Failed,N
ORD000622,2024-12-02 00:00:00,P0030,S011,2,366.85,25,Refunded,N
ORD000623,2024-12-11 00:00:00,P0006,S015,2,361.62,10,Refunded,N
ORD000624,2024-09-18 00:00:00,P0011,S009,4,51.27,20,Failed,N
ORD000625,2024-12-05 00:00:00,P0038,S003,1,309.81,20,Paid,N
ORD000626,2024-12-22 00:00:00,P0028,S003,5,207.19,15,Failed,N
ORD000627,2024-09-25 00:00:00,P0024,S016,3,211.29,15,Paid,N
ORD000628,2024-12-20 00:00:00,P0010,S003,1,472.76,5,Paid,N
ORD000629,2024-12-21 00:00:00,P0039,S013,1,184.3,25,Paid,N
ORD000630,2024-12-29 00:00:00,P0007,S006,1,391.79,10,Refunded,N
ORD000631,2024-10-03 00:00:00,P0018,S005,3,483.55,10,Refunded,N
ORD000632,2024-11-30 00:00:00,P0021,S001,3,389.31,20,Paid,N
ORD000633,2024-09-26 00:00:00,P0042,S016,5,405.97,15,Failed,Y
ORD000634,2024-09-15 00:00:00,P0040,S005,2,387.98,10,Refunded,N
ORD000635,2024-12-01 00:00:00,P0009,S004,5,76.12,5,Paid,N
ORD000636,2024-11-01 00:00:00,P0015,S016,5,339.33,25,Refunded,N
ORD000637,2024-12-30 00:00:00,P0017,S001,3,257.19,0,Paid,N
ORD000638,2024-11-11 00:00:00,P0031,S001,1,140.99,5,Failed,N
ORD000639,2024-12-21 00:00:00,P0011,S013,1,495.73,15,Refunded,N
ORD000640,2024-12-14 00:00:00,P0002,S002,3,382.37,25,Paid,N
ORD000641,2024-11-08 00:00:00,P0019,S016,3,196.98,10,Paid,N
ORD000642,2024-11-19 00:00:00,P0039,S006,5,358.24,20,Paid,N
ORD000643,2024-09-20 00:00:00,P0020,S010,1,153.82,5,Failed,N
ORD000644,2024-09-09 00:00:00,P0040,S015,3,265.38,5,Paid,N
ORD000645,2024-11-25 00:00:00,P0036,S015,5,106.47,25,Failed,N
ORD000646,2024-09-28 00:00:00,P0029,S013,2,86.51,0,Refunded,N
ORD000647,2024-12-10 00:00:00,P0046,S001,3,303.09,20,Paid,N
ORD000648,2024-10-29 00:00:00,P0016,S006,5,175.85,25,Paid,N
ORD000649,2024-11-24 00:00:00,P0027,S016,1,233.28,5,Failed,Y
ORD000650,2024-11-27 00:00:00,P0039,S004,2,229.41,5,Paid,N
ORD000651,2024-11-11 00:00:00,P0015,S010,4,320.53,0,Paid,N
ORD000652,2024-09-12 00:00:00,P0030,S011,2,370.52,5,Paid,N
ORD000653,2024-11-11 00:00:00,P0004,S010,4,115.14,0,Failed,Y
ORD000654,2024-12-28 00:00:00,P0021,S014,4,82.8,20,Failed,N
ORD000655,2024-09-16 00:00:00,P0018,S017,3,384.4,15,Failed,N
ORD000656,2024-11-02 00:00:00,P0034,S016,5,417.1,10,Failed,N
ORD000657,2024-11-05 00:00:00,P0038,S009,5,355.88,10,Paid,Y
ORD000658,2024-09-17 00:00:00,P0025,S014,1,225.83,20,Paid,N
ORD000659,2024-10-12 00:00:00,P0030,S016,1,270.76,0,Paid,N
ORD000660,2024-09-04 00:00:00,P0020,S015,2,232.59,5,Refunded,N
ORD000661,2024-11-27 00:00:00,P0048,S007,2,108.68,20,Paid,N
ORD000662,2024-09-23 00:00:00,P0042,S018,4,344.29,5,Paid,N
ORD000663,2024-09-30 00:00:00,P0036,S003,3,323.69,20,Failed,N
ORD000664,2024-12-19 00:00:00,P0044,S013,5,488.54,15,Paid,N
ORD000665,2024-12-18 00:00:00,P0002,S016,3,359.61,15,Failed,Y
ORD000666,2024-10-26 00:00:00,P0045,S004,1,120.38,10,Paid,N
ORD000667,2024-10-14 00:00:00,P0047,S008,4,278.08,20,Failed,N
ORD000668,2024-12-17 00:00:00,P0001,S009,1,186.33,10,Refunded,N
ORD000669,2024-09-06 00:00:00,P0038,S017,4,183.45,15,Paid,N
ORD000670,2024-11-19 00:00:00,P0045,S010,4,75.35,15,Failed,N
ORD000671,2024-11-13 00:00:00,P0024,S004,3,278.33,15,Refunded,Y
ORD000672,2024-09-04 00:00:00,P0039,S007,2,437.3,10,Paid,N
ORD000673,2024-12-08 00:00:00,P0040,S002,3,459.82,15,Refunded,Y
ORD000674,2024-10-06 00:00:00,P0033,S017,3,81.55,25,Paid,N
ORD000675,2024-12-03 00:00:00,P0033,S002,2,208.02,20,Paid,N
ORD000676,2024-12-12 00:00:00,P0033,S004,1,463.46,20,Refunded,N
ORD000677,2024-09-13 00:00:00,P0004,S001,5,330.89,0,Paid,N
ORD000678,2024-11-21 00:00:00,P0015,S003,3,191.04,0,Paid,N
ORD000679,2024-12-15 00:00:00,P0012,S005,2,364.23,15,Paid,N
ORD000680,2024-09-05 00:00:00,P0034,S002,1,354.89,15,Paid,N
ORD000681,2024-10-16 00:00:00,P0004,S012,4,111.21,25,Paid,N
ORD000682,2024-12-02 00:00:00,P0041,S018,4,228.31,5,Paid,N
ORD000683,2024-11-27 00:00:00,P0046,S007,5,216.57,0,Paid,Y
ORD000684,2024-09-24 00:00:00,P0042,S013,5,92.13,5,Paid,N
ORD000685,2024-09-29 00:00:00,P0041,S008,2,227.02,10,Paid,Y
ORD000686,2024-09-15 00:00:00,P0004,S009,5,174.79,0,Paid,N
ORD000687,2024-11-25 00:00:00,P0002,S002,1,407.39,20,Paid,N
ORD000688,2024-10-14 00:00:00,P0036,S017,3,62.77,0,Paid,Y
ORD000689,2024-09-12 00:00:00,P0046,S016,5,288.32,10,Paid,N
ORD000690,2024-10-30 00:00:00,P0033,S007,2,220.58,20,Paid,Y
ORD000691,2024-11-29 00:00:00,P0019,S005,5,407.3,20,Paid,N
ORD000692,2024-10-05 00:00:00,P0042,S013,3,167.8,0,Refunded,Y
ORD000693,2024-11-29 00:00:00,P0036,S018,5,299.75,5,Refunded,N
ORD000694,2024-12-28 00:00:00,P0026,S016,5,335.03,20,Paid,N
ORD000695,2024-10-29 00:00:00,P0040,S010,1,263.73,10,Refunded,N
ORD000696,2024-10-30 00:00:00,P0019,S011,5,413.92,15,Paid,N
ORD000697,2024-12-16 00:00:00,P0037,S004,5,140.93,15,Paid,N
ORD000698,2024-12-29 00:00:00,P0002,S002,3,95.57,25,Refunded,N
ORD000699,2024-12-05 00:00:00,P0028,S009,2,496.27,0,Paid,N
ORD000700,2024-09-24 00:00:00,P0024,S012,5,103.51,15,Refunded,N
ORD000701,2024-11-03 00:00:00,P0032,S003,3,120.62,25,Paid,Y
ORD000702,2024-12-02 00:00:00,P0002,S016,1,204.25,5,Paid,N
ORD000703,2024-10-17 00:00:00,P0032,S006,5,332.38,10,Refunded,N
ORD000704,2024-11-12 00:00:00,P0040,S006,2,370.48,25,Paid,N
ORD000705,2024-10-06 00:00:00,P0016,S004,1,112.23,10,Failed,N
ORD000706,2024-11-12 00:00:00,P0019,S003,3,86.76,15,Paid,N
ORD000707,2024-09-27 00:00:00,P0001,S004,4,384.04,10,Refunded,Y
ORD000708,2024-12-25 00:00:00,P0011,S015,3,197.03,0,Paid,N
ORD000709,2024-11-30 00:00:00,P0034,S004,3,86.07,15,Failed,Y
ORD000710,2024-10-10 00:00:00,P0001,S007,1,150.05,15,Paid,N
ORD000711,2024-12-11 00:00:00,P0014,S013,2,442.47,10,Paid,Y
ORD000712,2024-10-25 00:00:00,P0002,S004,3,81.47,15,Failed,N
ORD000713,2024-09-23 00:00:00,P0009,S018,3,140.13,20,Paid,N
ORD000714,2024-12-27 00:00:00,P0007,S006,2,115.97,25,Paid,N
ORD000715,2024-10-26 00:00:00,P0039,S017,5,344.64,15,Refunded,N
ORD000716,2024-11-16 00:00:00,P0004,S007,2,56.87,20,Failed,N
ORD000717,2024-12-26 00:00:00,P0028,S018,1,225.98,10,Paid,N
ORD000718,2024-11-27 00:00:00,P0025,S012,3,330.98,25,Paid,N
ORD000719,2024-10-27 00:00:00,P0009,S008,2,124.08,20,Paid,N
ORD000720,2024-09-19 00:00:00,P0002,S003,4,480.51,20,Failed,N
ORD000721,2024-09-10 00:00:00,P0049,S008,3,146.33,20,Paid,N
ORD000722,2024-12-25 00:00:00,P0009,S006,2,238.5,5,Failed,N
ORD000723,2024-09-16 00:00:00,P0008,S002,2,306.99,25,Paid,N
ORD000724,2024-12-19 00:00:00,P0009,S001,5,307.69,15,Paid,Y
ORD000725,2024-12-01 00:00:00,P0049,S010,5,378.49,5,Paid,Y
ORD000726,2024-11-29 00:00:00,P0024,S012,3,131.89,0,Failed,N
ORD000727,2024-09-07 00:00:00,P0050,S006,4,53.89,0,Paid,N
ORD000728,2024-12-06 00:00:00,P0049,S016,1,82.83,10,Failed,N
ORD000729,2024-11-19 00:00:00,P0047,S011,2,117.45,5,Paid,N
ORD000730,2024-10-21 00:00:00,P0048,S003,2,366.02,25,Paid,N
ORD000731,2024-10-05 00:00:00,P0017,S003,3,57.52,20,Paid,N
ORD000732,2024-12-05 00:00:00,P0010,S012,1,226.41,5,Paid,Y
ORD000733,2024-11-12 00:00:00,P0022,S016,1,79.5,25,Failed,N
ORD000734,2024-11-09 00:00:00,P0004,S008,5,474.68,5,Paid,N
ORD000735,2024-09-27 00:00:00,P0017,S011,4,241.62,20,Failed,N
ORD000736,2024-10-17 00:00:00,P0045,S016,2,269.21,25,Paid,N
ORD000737,2024-10-16 00:00:00,P0023,S008,5,96.75,10,Paid,N
ORD000738,2024-10-20 00:00:00,P0038,S016,5,193.4,0,Paid,N
ORD000739,2024-11-07 00:00:00,P0031,S001,2,465.87,0,Paid,N
ORD000740,2024-10-01 00:00:00,P0040,S017,2,446.65,15,Refunded,N
ORD000741,2024-09-16 00:00:00,P0001,S005,2,71.27,10,Failed,N
ORD000742,2024-10-10 00:00:00,P0036,S001,4,451.46,15,Failed,N
ORD000743,2024-09-27 00:00:00,P0004,S002,1,213.74,0,Failed,Y
ORD000744,2024-10-01 00:00:00,P0041,S009,3,294.91,15,Paid,N
ORD000745,2024-10-22 00:00:00,P0002,S012,4,475.55,5,Refunded,N
ORD000746,2024-10-18 00:00:00,P0018,S015,2,327.37,10,Refunded,N
ORD000747,2024-11-12 00:00:00,P0034,S010,2,252.04,5,Refunded,N
ORD000748,2024-12-03 00:00:00,P0014,S006,1,498.89,10,Failed,N
ORD000749,2024-12-17 00:00:00,P0044,S001,1,84.86,10,Failed,N
ORD000750,2024-09-20 00:00:00,P0010,S017,5,389.56,10,Paid,Y
ORD000751,2024-09-13 00:00:00,P0032,S013,4,342.64,0,Failed,N
ORD000752,2024-09-06 00:00:00,P0049,S014,3,382.06,25,Paid,N
ORD000753,2024-10-27 00:00:00,P0003,S002,4,461.49,15,Paid,N
ORD000754,2024-10-16 00:00:00,P0038,S011,1,260.16,5,Refunded,N
ORD000755,2024-10-24 00:00:00,P0006,S004,5,380.7,5,Paid,N
ORD000756,2024-11-25 00:00:00,P0022,S002,2,118.59,10,Paid,N
ORD000757,2024-09-26 00:00:00,P0029,S017,1,109.61,10,Failed,N
ORD000758,2024-10-31 00:00:00,P0019,S014,4,170.84,20,Paid,N
ORD000759,2024-10-08 00:00:00,P0010,S004,5,302.98,5,Paid,N
ORD000760,2024-12-16 00:00:00,P0004,S004,2,268.95,15,Refunded,N
ORD000761,2024-10-04 00:00:00,P0008,S007,5,342.97,0,Refunded,N
ORD000762,2024-11-28 00:00:00,P0035,S013,4,80.54,5,Refunded,Y
ORD000763,2024-11-11 00:00:00,P0048,S012,2,422.74,5,Paid,N
ORD000764,2024-11-17 00:00:00,P0038,S006,5,461.15,10,Failed,Y
ORD000765,2024-09-29 00:00:00,P0042,S013,3,431.49,20,Paid,N
ORD000766,2024-12-23 00:00:00,P0011,S016,3,375.33,20,Paid,N
ORD000767,2024-09-21 00:00:00,P0003,S014,1,489.75,0,Paid,N
ORD000768,2024-09-20 00:00:00,P0014,S011,1,138.06,25,Paid,N
ORD000769,2024-09-30 00:00:00,P0050,S003,1,404.66,25,Failed,Y
ORD000770,2024-09-30 00:00:00,P0043,S014,1,441.83,25,Paid,N
ORD000771,2024-10-19 00:00:00,P0049,S011,2,288.57,25,Paid,N
ORD000772,2024-10-18 00:00:00,P0015,S015,4,415.68,15,Paid,N
ORD000773,2024-11-29 00:00:00,P0015,S011,2,105.68,0,Refunded,N
ORD000774,2024-12-25 00:00:00,P0010,S011,2,345.66,20,Refunded,N
ORD000775,2024-10-09 00:00:00,P0001,S007,5,111.68,25,Refunded,N
ORD000776,2024-10-12 00:00:00,P0002,S013,1,471.43,15,Failed,Y
ORD000777,2024-12-20 00:00:00,P0019,S008,2,433.28,0,Failed,N
ORD000778,2024-09-18 00:00:00,P0023,S007,5,71.69,15,Paid,Y
ORD000779,2024-12-30 00:00:00,P0024,S008,1,59.55,25,Paid,N
ORD000780,2024-10-02 00:00:00,P0017,S018,2,444.11,10,Paid,N
ORD000781,2024-11-12 00:00:00,P0010,S005,4,250.64,0,Paid,Y
ORD000782,2024-09-01 00:00:00,P0001,S010,1,327.19,25,Refunded,N
ORD000783,2024-10-02 00:00:00,P0042,S001,3,203.95,5,Refunded,N
ORD000784,2024-11-05 00:00:00,P0034,S007,3,124.96,0,Paid,N
ORD000785,2024-12-28 00:00:00,P0010,S015,4,418.67,5,Paid,Y
ORD000786,2024-10-29 00:00:00,P0049,S009,5,77.36,5,Paid,N
ORD000787,2024-12-21 00:00:00,P0003,S018,2,435.51,20,Paid,N
ORD000788,2024-12-07 00:00:00,P0030,S010,3,290.47,15,Paid,Y
ORD000789,2024-11-24 00:00:00,P0002,S010,4,435.05,5,Refunded,N
ORD000790,2024-10-17 00:00:00,P0038,S009,5,133.21,10,Paid,Y
ORD000791,2024-12-13 00:00:00,P0029,S007,1,93.28,20,Paid,N
ORD000792,2024-12-19 00:00:00,P0036,S005,2,128.34,5,Paid,N
ORD000793,2024-09-30 00:00:00,P0015,S009,4,145.77,0,Refunded,N
ORD000794,2024-09-01 00:00:00,P0032,S011,5,476.88,0,Paid,N
ORD000795,2024-09-29 00:00:00,P0011,S012,5,316.3,15,Paid,N
ORD000796,2024-12-16 00:00:00,P0041,S005,3,144.62,10,Failed,N
ORD000797,2024-09-10 00:00:00,P0035,S016,5,255.1,20,Refunded,N
ORD000798,2024-09-25 00:00:00,P0038,S017,5,291.91,20,Paid,Y
ORD000799,2024-11-05 00:00:00,P0037,S005,1,267.12,20,Paid,N
ORD000800,2024-12-13 00:00:00,P0038,S016,1,159.09,25,Paid,N
ORD000801,2024-10-02 00:00:00,P0033,S006,1,401.71,25,Failed,N
ORD000802,2024-10-16 00:00:00,P0044,S001,1,354.06,0,Refunded,N
ORD000803,2024-10-03 00:00:00,P0028,S009,4,374.27,20,Paid,N
ORD000804,2024-10-04 00:00:00,P0015,S010,4,84.08,15,Paid,Y
ORD000805,2024-11-13 00:00:00,P0010,S007,4,335.94,20,Paid,N
ORD000806,2024-10-17 00:00:00,P0037,S001,4,376.91,15,Refunded,N
ORD000807,2024-10-11 00:00:00,P0010,S001,1,322.03,25,Paid,Y
ORD000808,2024-12-07 00:00:00,P0047,S016,4,385.98,10,Paid,N
ORD000809,2024-11-02 00:00:00,P0034,S003,4,404.65,10,Refunded,N
ORD000810,2024-10-12 00:00:00,P0016,S011,2,184.3,25,Failed,N
ORD000811,2024-11-13 00:00:00,P0012,S011,5,381.34,20,Refunded,N
ORD000812,2024-11-05 00:00:00,P0003,S016,3,396.26,10,Paid,N
ORD000813,2024-12-26 00:00:00,P0017,S017,1,270.75,20,Paid,N
ORD000814,2024-11-08 00:00:00,P0020,S006,5,139.34,5,Paid,Y
ORD000815,2024-10-03 00:00:00,P0047,S007,4,280.88,5,Refunded,N
ORD000816,2024-09-27 00:00:00,P0022,S011,2,413.75,20,Paid,N
ORD000817,2024-11-13 00:00:00,P0008,S014,2,199.79,15,Paid,N
ORD000818,2024-12-14 00:00:00,P0002,S007,5,395.56,10,Paid,Y
ORD000819,2024-11-03 00:00:00,P0009,S013,5,429.03,25,Paid,N
ORD000820,2024-11-22 00:00:00,P0010,S007,3,142.37,25,Paid,N
ORD000821,2024-12-29 00:00:00,P0038,S018,3,257.73,15,Paid,N
ORD000822,2024-10-05 00:00:00,P0015,S014,1,316.62,20,Paid,N
ORD000823,2024-10-08 00:00:00,P0027,S014,1,296.91,0,Paid,N
ORD000824,2024-12-02 00:00:00,P0045,S012,2,467.91,0,Refunded,N
ORD000825,2024-11-10 00:00:00,P0027,S003,2,452.79,10,Paid,Y
ORD000826,2024-09-01 00:00:00,P0047,S017,2,375.87,25,Paid,N
ORD000827,2024-12-08 00:00:00,P0024,S016,1,396.37,10,Paid,N
ORD000828,2024-12-10 00:00:00,P0045,S006,1,394.06,25,Paid,Y
ORD000829,2024-10-19 00:00:00,P0014,S013,5,404.82,10,Paid,Y
ORD000830,2024-09-20 00:00:00,P0010,S007,1,257.51,10,Failed,N
ORD000831,2024-10-31 00:00:00,P0026,S001,2,268.28,25,Paid,N
ORD000832,2024-10-08 00:00:00,P0039,S006,3,203.38,10,Failed,N
ORD000833,2024-11-02 00:00:00,P0018,S003,4,131.62,20,Failed,N
ORD000834,2024-11-28 00:00:00,P0029,S015,2,79.7,10,Failed,N
ORD000835,2024-11-30 00:00:00,P0031,S011,3,131.94,20,Paid,Y
ORD000836,2024-10-07 00:00:00,P0035,S004,1,397.32,0,Paid,N
ORD000837,2024-10-14 00:00:00,P0024,S018,4,476.96,5,Paid,N
ORD000838,2024-11-20 00:00:00,P0014,S003,5,401.16,0,Refunded,N
ORD000839,2024-12-16 00:00:00,P0004,S001,1,133.97,10,Failed,Y
ORD000840,2024-12-19 00:00:00,P0049,S018,2,228.32,20,Refunded,N
ORD000841,2024-12-15 00:00:00,P0004,S013,4,199.2,0,Failed,Y
ORD000842,2024-10-12 00:00:00,P0014,S011,2,148.96,15,Paid,Y
ORD000843,2024-11-26 00:00:00,P0011,S012,3,137.78,25,Paid,Y
ORD000844,2024-10-11 00:00:00,P0044,S001,1,484.65,15,Paid,Y
ORD000845,2024-12-10 00:00:00,P0036,S009,1,340.25,0,Failed,N
ORD000846,2024-12-09 00:00:00,P0006,S004,2,415.67,15,Refunded,N
ORD000847,2024-12-27 00:00:00,P0050,S016,5,99.39,25,Refunded,Y
ORD000848,2024-09-29 00:00:00,P0034,S004,4,176.78,15,Failed,N
ORD000849,2024-10-17 00:00:00,P0036,S008,2,412.09,20,Refunded,N
ORD000850,2024-09-11 00:00:00,P0029,S018,4,75.24,5,Paid,N
ORD000851,2024-12-23 00:00:00,P0006,S003,3,258.52,10,Paid,N
ORD000852,2024-09-06 00:00:00,P0026,S011,1,307.66,25,Refunded,N
ORD000853,2024-12-20 00:00:00,P0026,S006,5,294.57,25,Paid,N
ORD000854,2024-11-12 00:00:00,P0037,S003,2,439.81,15,Failed,N
ORD000855,2024-12-01 00:00:00,P0041,S008,3,479.24,10,Failed,N
ORD000856,2024-11-14 00:00:00,P0035,S015,1,466.48,5,Paid,Y
ORD000857,2024-11-28 00:00:00,P0002,S006,4,340.0,25,Refunded,Y
ORD000858,2024-12-27 00:00:00,P0006,S011,4,352.62,20,Paid,Y
ORD000859,2024-12-12 00:00:00,P0045,S015,3,445.73,25,Failed,N
ORD000860,2024-10-04 00:00:00,P0005,S009,3,248.81,20,Paid,N
ORD000861,2024-09-30 00:00:00,P0006,S005,5,163.52,5,Failed,N
ORD000862,2024-12-05 00:00:00,P0026,S013,4,266.99,15,Paid,N
ORD000863,2024-09-06 00:00:00,P0033,S005,1,382.47,25,Paid,N
ORD000864,2024-11-22 00:00:00,P0012,S013,2,190.4,0,Refunded,N
ORD000865,2024-12-04 00:00:00,P0040,S003,3,167.44,5,Paid,N
ORD000866,2024-10-08 00:00:00,P0047,S006,3,199.01,0,Paid,N
ORD000867,2024-09-11 00:00:00,P0047,S013,5,132.93,20,Paid,N
ORD000868,2024-11-02 00:00:00,P0030,S013,1,264.13,10,Failed,Y
ORD000869,2024-09-06 00:00:00,P0003,S006,2,439.19,25,Paid,N
ORD000870,2024-12-11 00:00:00,P0038,S003,2,351.31,25,Paid,Y
ORD000871,2024-10-30 00:00:00,P0041,S004,4,461.88,10,Refunded,N
ORD000872,2024-10-29 00:00:00,P0017,S004,1,51.64,0,Refunded,N
ORD000873,2024-12-18 00:00:00,P0006,S007,5,355.2,15,Paid,N
ORD000874,2024-11-21 00:00:00,P0013,S007,2,476.79,0,Failed,Y
ORD000875,2024-11-18 00:00:00,P0038,S015,3,209.26,25,Paid,N
ORD000876,2024-11-07 00:00:00,P0047,S013,4,189.13,5,Refunded,N
ORD000877,2024-12-23 00:00:00,P0009,S011,4,464.45,10,Failed,Y
ORD000878,2024-11-12 00:00:00,P0050,S001,3,69.47,5,Paid,N
ORD000879,2024-10-22 00:00:00,P0025,S017,2,414.85,0,Refunded,N
ORD000880,2024-12-01 00:00:00,P0008,S014,1,230.35,5,Refunded,N
ORD000881,2024-10-21 00:00:00,P0025,S001,2,51.38,20,Paid,Y
ORD000882,2024-09-12 00:00:00,P0005,S005,5,408.47,0,Paid,N
ORD000883,2024-12-09 00:00:00,P0023,S017,1,121.44,20,Paid,N
ORD000884,2024-11-27 00:00:00,P0010,S011,3,220.19,10,Paid,N
ORD000885,2024-11-29 00:00:00,P0002,S010,5,256.83,0,Failed,Y
ORD000886,2024-10-09 00:00:00,P0044,S017,4,397.97,20,Paid,Y
ORD000887,2024-12-05 00:00:00,P0042,S015,3,429.34,0,Paid,N
ORD000888,2024-12-15 00:00:00,P0016,S001,3,86.73,25,Paid,N
ORD000889,2024-10-29 00:00:00,P0005,S018,5,363.12,0,Paid,Y
ORD000890,2024-12-27 00:00:00,P0030,S002,5,171.24,20,Refunded,N
ORD000891,2024-10-01 00:00:00,P0014,S011,3,200.83,20,Refunded,N
ORD000892,2024-12-29 00:00:00,P0027,S003,1,184.46,25,Paid,N
ORD000893,2024-11-26 00:00:00,P0047,S008,1,163.64,15,Paid,N
ORD000894,2024-09-14 00:00:00,P0019,S015,4,92.35,0,Refunded,Y
ORD000895,2024-11-03 00:00:00,P0048,S003,3,54.23,20,Paid,N
ORD000896,2024-12-24 00:00:00,P0013,S002,5,408.28,0,Paid,N
ORD000897,2024-10-09 00:00:00,P0020,S013,5,95.33,25,Failed,N
ORD000898,2024-12-12 00:00:00,P0018,S009,2,322.56,20,Failed,N
ORD000899,2024-09-25 00:00:00,P0024,S001,1,380.65,20,Paid,N
ORD000900,2024-11-10 00:00:00,P0009,S003,2,211.07,25,Paid,N
ORD000901,2024-12-27 00:00:00,P0013,S016,3,102.01,25,Refunded,N
ORD000902,2024-12-20 00:00:00,P0047,S007,5,497.73,0,Paid,N
ORD000903,2024-11-19 00:00:00,P0031,S017,4,480.08,25,Refunded,N
ORD000904,2024-10-03 00:00:00,P0021,S013,4,156.76,0,Paid,N
ORD000905,2024-11-10 00:00:00,P0048,S018,4,344.08,25,Failed,N
ORD000906,2024-11-28 00:00:00,P0047,S017,2,433.48,25,Paid,N
ORD000907,2024-11-24 00:00:00,P0020,S005,5,452.41,10,Refunded,N
ORD000908,2024-10-23 00:00:00,P0007,S013,4,436.26,20,Failed,N
ORD000909,2024-11-29 00:00:00,P0024,S014,2,356.91,15,Paid,Y
ORD000910,2024-11-19 00:00:00,P0020,S006,2,238.62,20,Paid,N
ORD000911,2024-10-31 00:00:00,P0022,S003,3,303.51,20,Paid,Y
ORD000912,2024-12-21 00:00:00,P0049,S013,5,58.99,25,Paid,N
ORD000913,2024-10-16 00:00:00,P0046,S010,3,469.68,5,Paid,N
ORD000914,2024-09-23 00:00:00,P0041,S005,1,454.19,0,Paid,N
ORD000915,2024-09-28 00:00:00,P0012,S007,5,169.93,0,Paid,N
ORD000916,2024-09-14 00:00:00,P0031,S012,1,484.85,25,Refunded,Y
ORD000917,2024-11-11 00:00:00,P0046,S017,5,179.54,25,Failed,N
ORD000918,2024-12-05 00:00:00,P0031,S003,3,238.03,25,Refunded,N
ORD000919,2024-11-06 00:00:00,P0046,S002,4,331.56,10,Paid,N
ORD000920,2024-09-11 00:00:00,P0009,S004,2,52.12,10,Failed,Y
ORD000921,2024-10-27 00:00:00,P0004,S015,1,449.96,10,Refunded,N
ORD000922,2024-09-09 00:00:00,P0021,S015,5,191.01,15,Paid,N
ORD000923,2024-12-12 00:00:00,P0030,S008,4,169.16,10,Refunded,N
ORD000924,2024-11-28 00:00:00,P0029,S016,4,179.03,5,Failed,N
ORD000925,2024-12-09 00:00:00,P0030,S012,1,463.68,5,Paid,N
ORD000926,2024-11-19 00:00:00,P0034,S017,5,315.35,10,Paid,N
ORD000927,2024-11-06 00:00:00,P0018,S016,4,486.17,0,Paid,N
ORD000928,2024-10-12 00:00:00,P0037,S018,5,112.3,25,Paid,N
ORD000929,2024-09-22 00:00:00,P0011,S008,4,487.87,25,Paid,N
ORD000930,2024-09-04 00:00:00,P0044,S012,4,156.36,15,Paid,Y
ORD000931,2024-09-01 00:00:00,P0030,S014,3,465.42,10,Failed,N
ORD000932,2024-11-04 00:00:00,P0047,S012,4,53.43,25,Refunded,N
ORD000933,2024-10-05 00:00:00,P0007,S009,4,354.34,5,Paid,Y
ORD000934,2024-12-08 00:00:00,P0007,S012,5,304.09,20,Paid,N
ORD000935,2024-09-14 00:00:00,P0001,S017,4,56.3,15,Refunded,N
ORD000936,2024-11-02 00:00:00,P0048,S002,1,232.93,20,Failed,N
ORD000937,2024-11-22 00:00:00,P0041,S015,5,130.41,0,Paid,N
ORD000938,2024-10-10 00:00:00,P0042,S017,4,496.51,10,Paid,Y
ORD000939,2024-11-03 00:00:00,P0023,S004,3,164.68,10,Paid,N
ORD000940,2024-12-25 00:00:00,P0015,S006,3,167.26,20,Failed,N
ORD000941,2024-09-27 00:00:00,P0049,S007,3,209.66,5,Refunded,N
ORD000942,2024-12-05 00:00:00,P0044,S002,4,90.58,20,Paid,N
ORD000943,2024-11-26 00:00:00,P0025,S007,5,491.12,15,Paid,N
ORD000944,2024-12-25 00:00:00,P0005,S012,5,380.51,15,Paid,Y
ORD000945,2024-11-26 00:00:00,P0033,S016,3,379.09,25,Failed,N
ORD000946,2024-12-19 00:00:00,P0038,S007,4,410.29,20,Paid,N
ORD000947,2024-09-17 00:00:00,P0019,S011,5,52.97,5,Paid,Y
ORD000948,2024-09-08 00:00:00,P0047,S005,3,394.46,0,Refunded,N
ORD000949,2024-12-22 00:00:00,P0034,S017,5,423.77,25,Paid,N
ORD000950,2024-09-28 00:00:00,P0026,S016,3,205.08,5,Paid,N
ORD000951,2024-10-09 00:00:00,P0024,S001,1,383.07,0,Paid,N
ORD000952,2024-09-29 00:00:00,P0002,S018,4,248.72,5,Paid,N
ORD000953,2024-12-04 00:00:00,P0047,S009,5,84.2,15,Paid,N
ORD000954,2024-11-06 00:00:00,P0023,S009,1,423.12,10,Failed,N
ORD000955,2024-11-21 00:00:00,P0039,S009,4,347.05,20,Paid,N
ORD000956,2024-09-22 00:00:00,P0003,S009,1,448.58,20,Paid,Y
ORD000957,2024-09-24 00:00:00,P0001,S005,4,124.61,5,Paid,N
ORD000958,2024-10-06 00:00:00,P0015,S005,4,414.58,0,Paid,N
ORD000959,2024-09-29 00:00:00,P0027,S004,5,376.54,5,Failed,Y
ORD000960,2024-10-22 00:00:00,P0016,S012,2,129.69,15,Failed,Y
ORD000961,2024-12-22 00:00:00,P0021,S017,5,495.26,15,Paid,N
ORD000962,2024-10-04 00:00:00,P0003,S018,5,224.06,0,Refunded,N
ORD000963,2024-11-22 00:00:00,P0038,S001,2,405.42,25,Paid,N
ORD000964,2024-10-13 00:00:00,P0017,S003,4,133.85,25,Paid,N
ORD000965,2024-09-17 00:00:00,P0013,S017,4,420.5,0,Failed,N
ORD000966,2024-12-06 00:00:00,P0005,S009,5,347.43,20,Paid,N
ORD000967,2024-11-12 00:00:00,P0005,S003,3,310.25,25,Paid,N
ORD000968,2024-09-16 00:00:00,P0015,S001,2,194.96,0,Paid,N
ORD000969,2024-11-28 00:00:00,P0030,S002,4,164.42,20,Failed,Y
ORD000970,2024-09-25 00:00:00,P0015,S018,5,341.77,10,Failed,N
ORD000971,2024-11-23 00:00:00,P0039,S016,4,493.25,5,Paid,Y
ORD000972,2024-10-24 00:00:00,P0047,S018,5,158.06,5,Paid,N
ORD000973,2024-11-12 00:00:00,P0028,S016,3,64.99,10,Failed,N
ORD000974,2024-10-21 00:00:00,P0037,S004,4,394.02,0,Paid,Y
ORD000975,2024-11-14 00:00:00,P0025,S011,1,209.48,10,Paid,Y
ORD000976,2024-10-24 00:00:00,P0011,S012,4,238.21,15,Refunded,N
ORD000977,2024-12-13 00:00:00,P0007,S016,4,466.34,20,Paid,N
ORD000978,2024-09-20 00:00:00,P0031,S015,4,370.9,15,Paid,N
ORD000979,2024-10-14 00:00:00,P0022,S008,5,209.95,20,Failed,N
ORD000980,2024-10-08 00:00:00,P0047,S005,5,264.94,5,Paid,N
ORD000981,2024-11-21 00:00:00,P0043,S005,5,201.3,5,Paid,N
ORD000982,2024-09-01 00:00:00,P0029,S017,1,499.78,15,Failed,N
ORD000983,2024-10-29 00:00:00,P0015,S009,3,238.57,0,Failed,N
ORD000984,2024-10-27 00:00:00,P0033,S011,1,328.44,5,Paid,N
ORD000985,2024-09-15 00:00:00,P0007,S015,3,99.88,5,Paid,N
ORD000986,2024-10-14 00:00:00,P0048,S012,5,188.57,15,Failed,Y
ORD000987,2024-11-07 00:00:00,P0019,S014,1,296.92,15,Paid,N
ORD000988,2024-11-23 00:00:00,P0043,S007,1,301.7,0,Failed,N
ORD000989,2024-12-28 00:00:00,P0035,S008,4,81.0,5,Paid,N
ORD000990,2024-12-03 00:00:00,P0015,S007,5,226.78,20,Paid,N
ORD000991,2024-10-28 00:00:00,P0013,S014,1,285.55,25,Paid,N
ORD000992,2024-10-13 00:00:00,P0037,S002,5,451.46,0,Refunded,N
ORD000993,2024-12-17 00:00:00,P0008,S007,2,167.09,20,Paid,N
ORD000994,2024-10-07 00:00:00,P0029,S010,1,346.61,10,Paid,N
ORD000995,2024-12-26 00:00:00,P0045,S017,3,472.6,20,Refunded,N
ORD000996,2024-09-11 00:00:00,P0040,S008,5,194.37,10,Refunded,N
ORD000997,2024-09-16 00:00:00,P0042,S015,1,54.92,5,Refunded,N
ORD000998,2024-11-04 00:00:00,P0008,S001,2,74.46,25,Paid,N
ORD000999,2024-12-12 00:00:00,P0034,S004,5,294.55,10,Refunded,N
ORD001000,2024-11-21 00:00:00,P0022,S008,3,263.43,0,Refunded,N
