snapshot_date,product_id,store_id,stock_on_hand,reorder_point,lead_time_days
2024-12-10,P0001,S016,154,37,8
2024-12-10,P0004,S004,93,46,4
2024-12-10,P0007,S010,96,67,5
2024-12-10,P0010,S017,97,35,4
2024-12-10,P0013,S015,184,55,9
2024-12-10,P0016,S006,169,48,11
2024-12-10,P0019,S013,31,42,5
2024-12-10,P0022,S005,196,61,4
2024-12-10,P0025,S006,163,51,3
2024-12-10,P0028,S001,59,37,5
2024-12-10,P0031,S001,133,34,4
2024-12-10,P0034,S003,20,35,8
2024-12-10,P0037,S007,83,37,3
2024-12-10,P0040,S006,192,31,5
2024-12-10,P0043,S005,73,55,6
2024-12-10,P0046,S018,148,22,7
2024-12-10,P0049,S010,71,34,11
2024-12-10,P0052,S006,92,61,3
2024-12-10,P0055,S014,170,42,8
2024-12-10,P0058,S016,184,64,7
2024-12-10,P0061,S011,77,24,5
2024-12-10,P0064,S012,152,62,5
2024-12-10,P0067,S005,72,43,5
2024-12-10,P0070,S017,11,34,4
2024-12-10,P0073,S003,120,34,11
2024-12-10,P0076,S018,169,69,10
2024-12-10,P0079,S005,60,70,10
2024-12-10,P0082,S004,102,55,3
2024-12-10,P0085,S001,11,30,3
2024-12-10,P0088,S001,15,68,11
2024-12-10,P0091,S008,187,29,6
2024-12-10,P0094,S008,189,39,8
2024-12-10,P0097,S018,115,63,12
2024-12-10,P0100,S007,87,34,11
2024-12-10,P0103,S008,192,20,11
2024-12-10,P0106,S005,180,66,3
2024-12-10,P0109,S014,35,24,9
2024-12-10,P0112,S007,200,41,6
2024-12-10,P0115,S018,144,32,4
2024-12-10,P0118,S009,195,65,5
2024-12-10,P0121,S012,197,39,9
2024-12-10,P0124,S004,104,37,4
2024-12-10,P0127,S004,137,21,7
2024-12-10,P0130,S011,41,59,11
2024-12-10,P0133,S017,200,31,7
2024-12-10,P0136,S018,82,58,5
2024-12-10,P0139,S009,13,58,6
2024-12-10,P0142,S001,88,56,5
2024-12-10,P0145,S003,189,44,5
2024-12-10,P0148,S007,122,64,6
2024-12-10,P0151,S011,22,66,6
2024-12-10,P0154,S009,123,26,7
2024-12-10,P0157,S010,74,64,8
2024-12-10,P0160,S004,70,61,7
2024-12-10,P0163,S002,32,63,7
2024-12-10,P0166,S015,139,33,6
2024-12-10,P0169,S005,130,21,12
2024-12-10,P0172,S011,138,33,3
2024-12-10,P0175,S009,173,25,4
2024-12-10,P0178,S014,63,23,3
2024-12-10,P0181,S018,36,42,8
2024-12-10,P0184,S005,70,70,7
2024-12-10,P0187,S016,110,32,9
2024-12-10,P0190,S001,114,38,8
2024-12-10,P0193,S003,135,44,8
2024-12-10,P0196,S009,149,25,3
2024-12-10,P0199,S015,164,67,7
2024-12-10,P0202,S012,43,45,6
2024-12-10,P0205,S002,194,24,12
2024-12-10,P0208,S017,50,23,6
2024-12-10,P0211,S007,48,22,10
2024-12-10,P0214,S014,155,31,4
2024-12-10,P0217,S012,184,65,9
2024-12-10,P0220,S003,72,46,5
2024-12-10,P0223,S011,156,36,12
2024-12-10,P0226,S007,200,47,5
2024-12-10,P0229,S004,68,65,9
2024-12-10,P0232,S009,121,30,8
2024-12-10,P0235,S007,164,50,8
2024-12-10,P0238,S018,17,31,11
2024-12-10,P0241,S004,125,38,11
2024-12-10,P0244,S009,171,68,6
2024-12-10,P0247,S013,122,20,5
2024-12-10,P0250,S003,10,21,8
2024-12-10,P0253,S014,175,59,8
2024-12-10,P0256,S009,155,57,7
2024-12-10,P0259,S013,120,27,12
2024-12-10,P0262,S002,48,69,5
2024-12-10,P0265,S014,14,39,8
2024-12-10,P0268,S011,169,66,11
2024-12-10,P0271,S009,20,29,6
2024-12-10,P0274,S004,40,66,8
2024-12-10,P0277,S006,190,58,12
2024-12-10,P0280,S012,146,21,11
2024-12-10,P0283,S008,168,56,7
2024-12-10,P0286,S001,73,55,5
2024-12-10,P0289,S003,132,25,3
2024-12-10,P0292,S007,23,61,7
2024-12-10,P0295,S015,87,69,6
2024-12-10,P0298,S016,170,22,11
2024-12-09,P0001,S018,55,38,3
2024-12-09,P0004,S018,126,67,12
2024-12-09,P0007,S003,95,65,6
2024-12-09,P0010,S010,43,33,11
2024-12-09,P0013,S007,29,67,3
2024-12-09,P0016,S014,102,69,10
2024-12-09,P0019,S002,64,43,5
2024-12-09,P0022,S017,194,45,3
2024-12-09,P0025,S010,148,45,10
2024-12-09,P0028,S011,143,47,9
2024-12-09,P0031,S004,35,31,6
2024-12-09,P0034,S015,96,69,4
2024-12-09,P0037,S008,47,43,3
2024-12-09,P0040,S009,50,47,9
2024-12-09,P0043,S016,42,26,11
2024-12-09,P0046,S015,182,22,6
2024-12-09,P0049,S018,138,64,4
2024-12-09,P0052,S004,143,47,8
2024-12-09,P0055,S015,194,41,10
2024-12-09,P0058,S007,198,63,12
2024-12-09,P0061,S003,182,38,3
2024-12-09,P0064,S007,109,23,3
2024-12-09,P0067,S014,134,58,4
2024-12-09,P0070,S007,65,41,6
2024-12-09,P0073,S002,70,25,5
2024-12-09,P0076,S008,120,30,11
2024-12-09,P0079,S002,27,25,3
2024-12-09,P0082,S005,24,29,7
2024-12-09,P0085,S002,79,33,9
2024-12-09,P0088,S012,62,49,8
2024-12-09,P0091,S010,186,49,7
2024-12-09,P0094,S007,15,60,6
2024-12-09,P0097,S001,102,61,11
2024-12-09,P0100,S016,149,46,12
2024-12-09,P0103,S007,33,62,9
2024-12-09,P0106,S016,187,38,6
2024-12-09,P0109,S003,33,24,11
2024-12-09,P0112,S018,131,24,8
2024-12-09,P0115,S018,185,54,4
2024-12-09,P0118,S017,181,37,11
2024-12-09,P0121,S001,98,70,5
2024-12-09,P0124,S012,16,46,4
2024-12-09,P0127,S005,48,70,12
2024-12-09,P0130,S002,47,29,6
2024-12-09,P0133,S016,103,57,3
2024-12-09,P0136,S014,34,50,11
2024-12-09,P0139,S005,198,70,5
2024-12-09,P0142,S001,174,50,6
2024-12-09,P0145,S011,17,21,5
2024-12-09,P0148,S008,35,47,9
2024-12-09,P0151,S005,25,54,4
2024-12-09,P0154,S015,91,66,6
2024-12-09,P0157,S004,128,52,4
2024-12-09,P0160,S018,191,50,7
2024-12-09,P0163,S016,185,50,9
2024-12-09,P0166,S015,156,32,4
2024-12-09,P0169,S018,185,45,3
2024-12-09,P0172,S012,158,61,9
2024-12-09,P0175,S017,166,53,10
2024-12-09,P0178,S008,23,34,11
2024-12-09,P0181,S014,97,36,3
2024-12-09,P0184,S005,105,21,6
2024-12-09,P0187,S007,142,68,7
2024-12-09,P0190,S011,87,23,5
2024-12-09,P0193,S012,32,40,9
2024-12-09,P0196,S015,183,66,12
2024-12-09,P0199,S016,80,38,5
2024-12-09,P0202,S012,183,62,5
2024-12-09,P0205,S008,201,27,4
2024-12-09,P0208,S013,69,52,4
2024-12-09,P0211,S010,181,28,8
2024-12-09,P0214,S014,185,28,3
2024-12-09,P0217,S012,89,27,3
2024-12-09,P0220,S017,197,37,10
2024-12-09,P0223,S005,209,37,11
2024-12-09,P0226,S004,41,45,8
2024-12-09,P0229,S006,80,53,6
2024-12-09,P0232,S016,147,56,11
2024-12-09,P0235,S002,88,40,5
2024-12-09,P0238,S007,149,58,9
2024-12-09,P0241,S015,21,27,8
2024-12-09,P0244,S009,202,54,5
2024-12-09,P0247,S014,176,46,9
2024-12-09,P0250,S004,193,40,8
2024-12-09,P0253,S002,164,33,9
2024-12-09,P0256,S013,205,57,9
2024-12-09,P0259,S002,114,23,3
2024-12-09,P0262,S007,111,61,4
2024-12-09,P0265,S014,129,37,11
2024-12-09,P0268,S009,154,64,4
2024-12-09,P0271,S002,59,54,6
2024-12-09,P0274,S014,149,24,6
2024-12-09,P0277,S012,114,65,6
2024-12-09,P0280,S005,185,60,11
2024-12-09,P0283,S014,182,38,4
2024-12-09,P0286,S007,84,33,9
2024-12-09,P0289,S006,164,49,3
2024-12-09,P0292,S016,67,49,9
2024-12-09,P0295,S009,49,38,9
2024-12-09,P0298,S010,204,48,5
2024-12-08,P0001,S001,55,51,6
2024-12-08,P0004,S006,49,42,12
2024-12-08,P0007,S008,27,23,5
2024-12-08,P0010,S003,132,64,10
2024-12-08,P0013,S014,156,25,12
2024-12-08,P0016,S017,190,70,4
2024-12-08,P0019,S016,164,22,10
2024-12-08,P0022,S011,134,61,12
2024-12-08,P0025,S013,43,35,4
2024-12-08,P0028,S003,33,21,6
2024-12-08,P0031,S017,140,57,4
2024-12-08,P0034,S013,44,45,8
2024-12-08,P0037,S002,125,37,12
2024-12-08,P0040,S001,77,29,7
2024-12-08,P0043,S001,208,53,10
2024-12-08,P0046,S010,23,29,5
2024-12-08,P0049,S015,82,59,4
2024-12-08,P0052,S018,113,50,7
2024-12-08,P0055,S015,167,66,10
2024-12-08,P0058,S005,139,43,3
2024-12-08,P0061,S004,33,42,12
2024-12-08,P0064,S001,201,41,6
2024-12-08,P0067,S017,26,36,4
2024-12-08,P0070,S016,16,67,6
2024-12-08,P0073,S014,126,44,8
2024-12-08,P0076,S001,46,27,12
2024-12-08,P0079,S015,162,28,4
2024-12-08,P0082,S013,98,29,4
2024-12-08,P0085,S007,133,33,7
2024-12-08,P0088,S016,183,67,4
2024-12-08,P0091,S017,31,33,7
2024-12-08,P0094,S014,129,57,8
2024-12-08,P0097,S018,97,25,11
2024-12-08,P0100,S018,202,34,12
2024-12-08,P0103,S004,52,47,11
2024-12-08,P0106,S011,185,43,3
2024-12-08,P0109,S017,177,56,12
2024-12-08,P0112,S006,97,28,7
2024-12-08,P0115,S013,186,36,11
2024-12-08,P0118,S002,85,30,11
2024-12-08,P0121,S017,171,53,10
2024-12-08,P0124,S016,143,24,5
2024-12-08,P0127,S004,55,59,9
2024-12-08,P0130,S011,202,44,4
2024-12-08,P0133,S001,198,24,3
2024-12-08,P0136,S010,190,31,12
2024-12-08,P0139,S018,15,35,12
2024-12-08,P0142,S018,43,48,9
2024-12-08,P0145,S003,128,25,12
2024-12-08,P0148,S017,110,34,10
2024-12-08,P0151,S012,133,41,6
2024-12-08,P0154,S008,110,43,9
2024-12-08,P0157,S005,126,25,3
2024-12-08,P0160,S015,191,42,3
2024-12-08,P0163,S005,104,56,12
2024-12-08,P0166,S003,151,27,7
2024-12-08,P0169,S012,140,45,10
2024-12-08,P0172,S001,24,49,11
2024-12-08,P0175,S011,191,63,8
2024-12-08,P0178,S004,25,38,7
2024-12-08,P0181,S004,67,67,5
2024-12-08,P0184,S012,126,57,3
2024-12-08,P0187,S010,198,23,5
2024-12-08,P0190,S006,59,44,7
2024-12-08,P0193,S003,193,67,4
2024-12-08,P0196,S016,154,39,8
2024-12-08,P0199,S007,92,49,4
2024-12-08,P0202,S017,166,46,9
2024-12-08,P0205,S016,26,67,11
2024-12-08,P0208,S004,201,62,3
2024-12-08,P0211,S007,31,26,10
2024-12-08,P0214,S010,76,48,5
2024-12-08,P0217,S016,58,28,12
2024-12-08,P0220,S013,84,34,6
2024-12-08,P0223,S006,45,70,8
2024-12-08,P0226,S003,189,59,5
2024-12-08,P0229,S015,193,27,3
2024-12-08,P0232,S006,186,30,11
2024-12-08,P0235,S004,175,38,8
2024-12-08,P0238,S002,166,43,6
2024-12-08,P0241,S006,46,57,9
2024-12-08,P0244,S018,31,51,6
2024-12-08,P0247,S002,182,53,7
2024-12-08,P0250,S002,103,46,9
2024-12-08,P0253,S007,17,47,12
2024-12-08,P0256,S010,161,53,8
2024-12-08,P0259,S009,121,61,9
2024-12-08,P0262,S007,63,68,4
2024-12-08,P0265,S013,194,26,5
2024-12-08,P0268,S009,184,23,4
2024-12-08,P0271,S007,42,32,3
2024-12-08,P0274,S001,33,38,10
2024-12-08,P0277,S008,25,27,6
2024-12-08,P0280,S012,109,21,9
2024-12-08,P0283,S009,87,46,8
2024-12-08,P0286,S003,148,36,12
2024-12-08,P0289,S013,57,53,8
2024-12-08,P0292,S001,204,54,10
2024-12-08,P0295,S008,62,54,5
2024-12-08,P0298,S012,95,50,4
2024-12-07,P0001,S004,71,22,9
2024-12-07,P0004,S009,156,69,12
2024-12-07,P0007,S018,172,21,9
2024-12-07,P0010,S007,117,63,10
2024-12-07,P0013,S013,35,56,5
2024-12-07,P0016,S008,29,26,12
2024-12-07,P0019,S002,62,43,12
2024-12-07,P0022,S015,57,37,9
2024-12-07,P0025,S010,195,36,3
2024-12-07,P0028,S002,158,21,5
2024-12-07,P0031,S004,98,30,8
2024-12-07,P0034,S004,68,46,5
2024-12-07,P0037,S010,154,59,7
2024-12-07,P0040,S015,55,65,5
2024-12-07,P0043,S013,27,37,3
2024-12-07,P0046,S009,169,63,8
2024-12-07,P0049,S012,152,36,8
2024-12-07,P0052,S017,135,25,7
2024-12-07,P0055,S011,109,55,5
2024-12-07,P0058,S003,93,62,12
2024-12-07,P0061,S015,164,32,5
2024-12-07,P0064,S010,12,20,11
2024-12-07,P0067,S013,205,37,8
2024-12-07,P0070,S007,203,57,7
2024-12-07,P0073,S004,203,31,10
2024-12-07,P0076,S012,34,58,6
2024-12-07,P0079,S008,39,25,9
2024-12-07,P0082,S002,11,22,3
2024-12-07,P0085,S008,83,57,11
2024-12-07,P0088,S007,45,41,11
2024-12-07,P0091,S002,169,52,10
2024-12-07,P0094,S015,64,64,11
2024-12-07,P0097,S012,182,44,9
2024-12-07,P0100,S005,173,50,4
2024-12-07,P0103,S011,130,26,7
2024-12-07,P0106,S016,39,21,11
2024-12-07,P0109,S013,30,48,11
2024-12-07,P0112,S015,72,33,10
2024-12-07,P0115,S013,169,44,8
2024-12-07,P0118,S010,99,29,7
2024-12-07,P0121,S009,162,41,10
2024-12-07,P0124,S006,30,27,3
2024-12-07,P0127,S002,131,59,10
2024-12-07,P0130,S015,117,57,7
2024-12-07,P0133,S005,49,48,3
2024-12-07,P0136,S003,142,26,8
2024-12-07,P0139,S009,178,55,6
2024-12-07,P0142,S015,157,64,5
2024-12-07,P0145,S011,100,35,11
2024-12-07,P0148,S007,54,65,4
2024-12-07,P0151,S007,144,50,12
2024-12-07,P0154,S013,132,59,10
2024-12-07,P0157,S006,123,41,10
2024-12-07,P0160,S006,83,39,4
2024-12-07,P0163,S003,20,39,10
2024-12-07,P0166,S005,15,65,4
2024-12-07,P0169,S002,13,26,10
2024-12-07,P0172,S009,152,55,3
2024-12-07,P0175,S002,13,55,6
2024-12-07,P0178,S001,197,70,8
2024-12-07,P0181,S012,68,54,11
2024-12-07,P0184,S007,24,56,6
2024-12-07,P0187,S014,-15,51,11
2024-12-07,P0190,S004,105,41,11
2024-12-07,P0193,S006,199,39,4
2024-12-07,P0196,S018,39,24,8
2024-12-07,P0199,S007,154,67,5
2024-12-07,P0202,S012,14,38,12
2024-12-07,P0205,S016,102,41,4
2024-12-07,P0208,S001,21,42,6
2024-12-07,P0211,S004,176,64,6
2024-12-07,P0214,S006,35,59,12
2024-12-07,P0217,S002,109,48,9
2024-12-07,P0220,S018,207,43,12
2024-12-07,P0223,S007,159,31,5
2024-12-07,P0226,S010,30,45,5
2024-12-07,P0229,S017,79,38,6
2024-12-07,P0232,S009,131,42,11
2024-12-07,P0235,S002,135,43,4
2024-12-07,P0238,S016,61,29,9
2024-12-07,P0241,S011,210,58,5
2024-12-07,P0244,S012,31,20,3
2024-12-07,P0247,S007,62,43,4
2024-12-07,P0250,S003,207,51,3
2024-12-07,P0253,S010,31,69,7
2024-12-07,P0256,S007,194,64,7
2024-12-07,P0259,S018,150,23,3
2024-12-07,P0262,S009,169,32,9
2024-12-07,P0265,S007,179,44,8
2024-12-07,P0268,S014,143,50,4
2024-12-07,P0271,S012,170,37,7
2024-12-07,P0274,S009,10,22,7
2024-12-07,P0277,S011,36,38,11
2024-12-07,P0280,S018,130,30,6
2024-12-07,P0283,S017,137,24,11
2024-12-07,P0286,S014,169,65,10
2024-12-07,P0289,S003,118,70,7
2024-12-07,P0292,S010,156,22,7
2024-12-07,P0295,S018,194,28,8
2024-12-07,P0298,S007,176,35,5
2024-12-06,P0001,S009,12,35,7
2024-12-06,P0004,S004,169,32,12
2024-12-06,P0007,S005,167,27,10
2024-12-06,P0010,S015,204,54,11
2024-12-06,P0013,S016,175,32,5
2024-12-06,P0016,S005,71,44,5
2024-12-06,P0019,S006,104,33,12
2024-12-06,P0022,S008,154,64,11
2024-12-06,P0025,S016,95,41,12
2024-12-06,P0028,S006,73,66,10
2024-12-06,P0031,S003,43,30,4
2024-12-06,P0034,S008,25,53,11
2024-12-06,P0037,S001,33,54,12
2024-12-06,P0040,S018,116,69,8
2024-12-06,P0043,S015,100,24,3
2024-12-06,P0046,S014,188,61,3
2024-12-06,P0049,S001,93,65,12
2024-12-06,P0052,S012,86,34,11
2024-12-06,P0055,S009,192,48,7
2024-12-06,P0058,S015,55,50,6
2024-12-06,P0061,S013,85,24,8
2024-12-06,P0064,S003,123,47,11
2024-12-06,P0067,S004,204,43,9
2024-12-06,P0070,S017,57,59,12
2024-12-06,P0073,S001,177,38,6
2024-12-06,P0076,S003,111,43,8
2024-12-06,P0079,S015,89,61,7
2024-12-06,P0082,S004,101,34,3
2024-12-06,P0085,S008,198,42,6
2024-12-06,P0088,S002,114,26,7
2024-12-06,P0091,S016,146,25,10
2024-12-06,P0094,S009,135,69,9
2024-12-06,P0097,S006,141,37,10
2024-12-06,P0100,S006,171,22,3
2024-12-06,P0103,S013,35,60,11
2024-12-06,P0106,S006,164,52,11
2024-12-06,P0109,S007,174,49,10
2024-12-06,P0112,S002,60,25,5
2024-12-06,P0115,S014,141,54,10
2024-12-06,P0118,S001,57,56,6
2024-12-06,P0121,S005,165,34,6
2024-12-06,P0124,S005,195,32,3
2024-12-06,P0127,S007,174,46,7
2024-12-06,P0130,S012,144,49,3
2024-12-06,P0133,S015,138,53,6
2024-12-06,P0136,S011,28,20,11
2024-12-06,P0139,S006,189,65,7
2024-12-06,P0142,S006,193,43,6
2024-12-06,P0145,S014,90,59,12
2024-12-06,P0148,S014,191,43,7
2024-12-06,P0151,S016,103,67,8
2024-12-06,P0154,S002,51,25,9
2024-12-06,P0157,S008,79,59,7
2024-12-06,P0160,S001,187,70,7
2024-12-06,P0163,S001,76,68,9
2024-12-06,P0166,S016,112,25,9
2024-12-06,P0169,S005,145,24,10
2024-12-06,P0172,S013,130,27,4
2024-12-06,P0175,S008,62,38,8
2024-12-06,P0178,S003,120,20,10
2024-12-06,P0181,S010,48,31,8
2024-12-06,P0184,S018,127,53,6
2024-12-06,P0187,S016,24,70,4
2024-12-06,P0190,S007,22,49,9
2024-12-06,P0193,S011,179,70,7
2024-12-06,P0196,S005,112,32,11
2024-12-06,P0199,S010,198,53,6
2024-12-06,P0202,S009,37,64,12
2024-12-06,P0205,S014,127,68,10
2024-12-06,P0208,S002,167,27,6
2024-12-06,P0211,S005,119,39,6
2024-12-06,P0214,S010,60,50,5
2024-12-06,P0217,S018,151,37,12
2024-12-06,P0220,S009,193,64,6
2024-12-06,P0223,S008,113,21,3
2024-12-06,P0226,S008,101,51,5
2024-12-06,P0229,S007,79,35,11
2024-12-06,P0232,S010,113,67,12
2024-12-06,P0235,S015,21,43,5
2024-12-06,P0238,S015,10,52,7
2024-12-06,P0241,S014,122,66,4
2024-12-06,P0244,S009,177,27,11
2024-12-06,P0247,S004,200,37,4
2024-12-06,P0250,S004,57,51,7
2024-12-06,P0253,S018,184,56,9
2024-12-06,P0256,S014,100,63,9
2024-12-06,P0259,S013,93,59,6
2024-12-06,P0262,S016,100,38,6
2024-12-06,P0265,S012,36,60,3
2024-12-06,P0268,S007,67,52,5
2024-12-06,P0271,S001,116,52,12
2024-12-06,P0274,S010,92,20,3
2024-12-06,P0277,S013,194,41,3
2024-12-06,P0280,S018,153,68,11
2024-12-06,P0283,S018,157,58,11
2024-12-06,P0286,S013,54,28,5
2024-12-06,P0289,S013,99,34,5
2024-12-06,P0292,S016,51,28,7
2024-12-06,P0295,S014,94,54,5
2024-12-06,P0298,S011,202,66,5
2024-12-05,P0001,S012,112,45,7
2024-12-05,P0004,S010,139,21,10
2024-12-05,P0007,S006,166,58,4
2024-12-05,P0010,S005,54,25,6
2024-12-05,P0013,S001,86,63,7
2024-12-05,P0016,S017,97,37,12
2024-12-05,P0019,S015,162,39,12
2024-12-05,P0022,S017,153,64,6
2024-12-05,P0025,S010,110,44,12
2024-12-05,P0028,S015,23,41,9
2024-12-05,P0031,S012,71,45,6
2024-12-05,P0034,S010,26,31,6
2024-12-05,P0037,S006,169,57,9
2024-12-05,P0040,S004,44,47,4
2024-12-05,P0043,S002,64,66,6
2024-12-05,P0046,S017,151,41,11
2024-12-05,P0049,S002,168,49,8
2024-12-05,P0052,S001,197,50,3
2024-12-05,P0055,S015,71,63,7
2024-12-05,P0058,S018,134,42,10
2024-12-05,P0061,S016,56,65,12
2024-12-05,P0064,S005,115,26,9
2024-12-05,P0067,S011,64,59,4
2024-12-05,P0070,S007,123,34,8
2024-12-05,P0073,S015,38,34,6
2024-12-05,P0076,S003,195,40,12
2024-12-05,P0079,S018,35,31,3
2024-12-05,P0082,S002,34,59,8
2024-12-05,P0085,S010,94,21,5
2024-12-05,P0088,S009,90,49,6
2024-12-05,P0091,S006,42,21,11
2024-12-05,P0094,S004,96,67,5
2024-12-05,P0097,S005,145,33,12
2024-12-05,P0100,S002,97,23,3
2024-12-05,P0103,S005,118,45,7
2024-12-05,P0106,S001,85,45,9
2024-12-05,P0109,S006,97,56,6
2024-12-05,P0112,S014,37,51,3
2024-12-05,P0115,S007,204,61,9
2024-12-05,P0118,S011,41,54,7
2024-12-05,P0121,S012,17,60,11
2024-12-05,P0124,S001,83,31,3
2024-12-05,P0127,S010,57,40,3
2024-12-05,P0130,S005,145,47,6
2024-12-05,P0133,S017,95,31,10
2024-12-05,P0136,S011,46,58,9
2024-12-05,P0139,S017,10,20,11
2024-12-05,P0142,S018,135,25,4
2024-12-05,P0145,S005,167,26,3
2024-12-05,P0148,S001,132,59,11
2024-12-05,P0151,S017,155,32,4
2024-12-05,P0154,S010,194,40,3
2024-12-05,P0157,S011,201,50,5
2024-12-05,P0160,S013,10,32,3
2024-12-05,P0163,S010,10,38,9
2024-12-05,P0166,S017,32,42,4
2024-12-05,P0169,S009,78,37,12
2024-12-05,P0172,S006,155,57,4
2024-12-05,P0175,S005,35,49,7
2024-12-05,P0178,S010,181,35,5
2024-12-05,P0181,S003,81,62,12
2024-12-05,P0184,S013,95,65,5
2024-12-05,P0187,S013,181,59,5
2024-12-05,P0190,S012,160,56,12
2024-12-05,P0193,S005,105,52,5
2024-12-05,P0196,S015,176,38,9
2024-12-05,P0199,S003,203,34,10
2024-12-05,P0202,S005,95,26,7
2024-12-05,P0205,S016,86,32,9
2024-12-05,P0208,S002,13,60,8
2024-12-05,P0211,S004,154,25,3
2024-12-05,P0214,S007,169,58,8
2024-12-05,P0217,S003,180,64,4
2024-12-05,P0220,S016,99,61,8
2024-12-05,P0223,S009,54,49,12
2024-12-05,P0226,S015,71,25,12
2024-12-05,P0229,S005,10,65,7
2024-12-05,P0232,S006,193,58,10
2024-12-05,P0235,S007,177,56,5
2024-12-05,P0238,S006,72,67,4
2024-12-05,P0241,S003,37,62,8
2024-12-05,P0244,S011,53,50,7
2024-12-05,P0247,S004,69,68,9
2024-12-05,P0250,S005,126,54,8
2024-12-05,P0253,S011,12,37,11
2024-12-05,P0256,S002,47,70,6
2024-12-05,P0259,S014,170,40,9
2024-12-05,P0262,S013,130,37,8
2024-12-05,P0265,S017,17,37,8
2024-12-05,P0268,S013,53,66,6
2024-12-05,P0271,S015,30,49,12
2024-12-05,P0274,S014,108,64,6
2024-12-05,P0277,S001,117,38,3
2024-12-05,P0280,S002,-15,36,7
2024-12-05,P0283,S012,90,50,3
2024-12-05,P0286,S004,181,68,4
2024-12-05,P0289,S015,29,26,11
2024-12-05,P0292,S003,47,59,6
2024-12-05,P0295,S014,38,33,11
2024-12-05,P0298,S008,206,26,11
2024-12-04,P0001,S007,102,59,11
2024-12-04,P0004,S002,96,34,4
2024-12-04,P0007,S018,124,69,11
2024-12-04,P0010,S018,106,49,9
2024-12-04,P0013,S004,14,31,9
2024-12-04,P0016,S018,41,59,5
2024-12-04,P0019,S011,132,30,12
2024-12-04,P0022,S001,115,52,8
2024-12-04,P0025,S010,156,51,11
2024-12-04,P0028,S005,44,45,5
2024-12-04,P0031,S007,15,58,10
2024-12-04,P0034,S001,121,57,8
2024-12-04,P0037,S004,199,25,9
2024-12-04,P0040,S002,85,69,8
2024-12-04,P0043,S016,113,54,8
2024-12-04,P0046,S007,191,23,9
2024-12-04,P0049,S004,101,65,5
2024-12-04,P0052,S017,177,64,7
2024-12-04,P0055,S003,161,24,5
2024-12-04,P0058,S006,178,57,6
2024-12-04,P0061,S010,108,33,9
2024-12-04,P0064,S014,38,44,6
2024-12-04,P0067,S005,68,69,7
2024-12-04,P0070,S011,61,26,4
2024-12-04,P0073,S005,24,28,10
2024-12-04,P0076,S017,58,49,4
2024-12-04,P0079,S013,136,50,4
2024-12-04,P0082,S003,80,45,7
2024-12-04,P0085,S001,18,23,5
2024-12-04,P0088,S014,179,35,12
2024-12-04,P0091,S006,169,32,4
2024-12-04,P0094,S006,161,34,5
2024-12-04,P0097,S016,198,44,4
2024-12-04,P0100,S003,170,41,5
2024-12-04,P0103,S007,198,54,5
2024-12-04,P0106,S005,145,60,12
2024-12-04,P0109,S002,142,33,9
2024-12-04,P0112,S001,134,68,11
2024-12-04,P0115,S010,51,22,12
2024-12-04,P0118,S014,22,31,9
2024-12-04,P0121,S011,176,55,12
2024-12-04,P0124,S013,192,34,5
2024-12-04,P0127,S009,25,30,4
2024-12-04,P0130,S001,155,21,5
2024-12-04,P0133,S016,77,39,5
2024-12-04,P0136,S003,85,31,5
2024-12-04,P0139,S002,88,39,4
2024-12-04,P0142,S016,19,34,7
2024-12-04,P0145,S002,98,38,7
2024-12-04,P0148,S018,76,35,5
2024-12-04,P0151,S010,175,32,10
2024-12-04,P0154,S013,43,59,4
2024-12-04,P0157,S015,129,60,3
2024-12-04,P0160,S001,191,46,8
2024-12-04,P0163,S018,133,68,10
2024-12-04,P0166,S015,84,41,12
2024-12-04,P0169,S007,54,40,4
2024-12-04,P0172,S017,173,67,4
2024-12-04,P0175,S006,145,45,12
2024-12-04,P0178,S002,201,32,11
2024-12-04,P0181,S013,45,37,3
2024-12-04,P0184,S003,169,48,10
2024-12-04,P0187,S015,175,67,7
2024-12-04,P0190,S014,169,58,11
2024-12-04,P0193,S013,169,52,6
2024-12-04,P0196,S017,122,51,12
2024-12-04,P0199,S017,129,59,3
2024-12-04,P0202,S002,56,60,6
2024-12-04,P0205,S009,147,45,7
2024-12-04,P0208,S015,129,58,4
2024-12-04,P0211,S009,165,38,8
2024-12-04,P0214,S004,138,58,11
2024-12-04,P0217,S002,47,36,9
2024-12-04,P0220,S009,182,68,8
2024-12-04,P0223,S006,178,59,5
2024-12-04,P0226,S017,65,47,11
2024-12-04,P0229,S009,72,27,11
2024-12-04,P0232,S010,152,45,9
2024-12-04,P0235,S016,121,36,3
2024-12-04,P0238,S014,199,35,3
2024-12-04,P0241,S008,160,48,11
2024-12-04,P0244,S007,69,61,6
2024-12-04,P0247,S010,147,26,11
2024-12-04,P0250,S006,41,59,6
2024-12-04,P0253,S012,119,28,8
2024-12-04,P0256,S007,37,60,11
2024-12-04,P0259,S014,79,32,8
2024-12-04,P0262,S004,197,67,6
2024-12-04,P0265,S018,11,64,11
2024-12-04,P0268,S004,52,32,3
2024-12-04,P0271,S007,180,64,10
2024-12-04,P0274,S005,72,69,12
2024-12-04,P0277,S017,164,64,8
2024-12-04,P0280,S015,16,26,11
2024-12-04,P0283,S007,42,48,3
2024-12-04,P0286,S006,186,36,5
2024-12-04,P0289,S014,67,55,3
2024-12-04,P0292,S003,92,39,9
2024-12-04,P0295,S001,186,45,7
2024-12-04,P0298,S002,167,61,4
2024-12-03,P0001,S008,53,42,4
2024-12-03,P0004,S015,192,54,3
2024-12-03,P0007,S003,182,28,12
2024-12-03,P0010,S002,9999,28,12
2024-12-03,P0013,S016,78,45,5
2024-12-03,P0016,S014,197,45,7
2024-12-03,P0019,S016,84,42,11
2024-12-03,P0022,S010,143,64,10
2024-12-03,P0025,S013,121,33,8
2024-12-03,P0028,S016,174,41,6
2024-12-03,P0031,S005,108,27,6
2024-12-03,P0034,S005,38,56,4
2024-12-03,P0037,S018,63,29,12
2024-12-03,P0040,S007,66,57,12
2024-12-03,P0043,S004,13,42,4
2024-12-03,P0046,S009,37,31,5
2024-12-03,P0049,S005,80,42,6
2024-12-03,P0052,S003,30,23,10
2024-12-03,P0055,S009,25,40,12
2024-12-03,P0058,S010,156,63,10
2024-12-03,P0061,S011,169,70,4
2024-12-03,P0064,S003,83,40,5
2024-12-03,P0067,S018,109,52,5
2024-12-03,P0070,S006,72,39,3
2024-12-03,P0073,S005,103,27,3
2024-12-03,P0076,S002,106,27,11
2024-12-03,P0079,S002,177,48,8
2024-12-03,P0082,S013,97,41,4
2024-12-03,P0085,S012,53,48,5
2024-12-03,P0088,S002,70,57,8
2024-12-03,P0091,S005,185,62,9
2024-12-03,P0094,S001,89,62,6
2024-12-03,P0097,S015,34,46,4
2024-12-03,P0100,S001,190,54,9
2024-12-03,P0103,S016,56,48,5
2024-12-03,P0106,S013,30,48,7
2024-12-03,P0109,S010,94,29,7
2024-12-03,P0112,S013,86,44,9
2024-12-03,P0115,S013,12,67,10
2024-12-03,P0118,S007,170,43,12
2024-12-03,P0121,S013,181,29,7
2024-12-03,P0124,S015,196,23,5
2024-12-03,P0127,S001,131,62,3
2024-12-03,P0130,S009,184,42,7
2024-12-03,P0133,S003,133,59,5
2024-12-03,P0136,S002,69,32,11
2024-12-03,P0139,S008,111,26,6
2024-12-03,P0142,S015,195,25,8
2024-12-03,P0145,S002,120,62,4
2024-12-03,P0148,S015,47,20,3
2024-12-03,P0151,S002,12,52,4
2024-12-03,P0154,S009,192,68,4
2024-12-03,P0157,S001,126,22,10
2024-12-03,P0160,S016,181,20,7
2024-12-03,P0163,S008,179,23,5
2024-12-03,P0166,S015,94,40,10
2024-12-03,P0169,S013,123,64,7
2024-12-03,P0172,S013,35,56,11
2024-12-03,P0175,S016,127,55,7
2024-12-03,P0178,S005,138,46,12
2024-12-03,P0181,S001,156,51,10
2024-12-03,P0184,S001,92,24,9
2024-12-03,P0187,S001,145,63,10
2024-12-03,P0190,S018,132,52,11
2024-12-03,P0193,S010,34,26,10
2024-12-03,P0196,S011,195,26,9
2024-12-03,P0199,S003,166,32,4
2024-12-03,P0202,S004,203,68,7
2024-12-03,P0205,S015,85,59,8
2024-12-03,P0208,S010,17,32,3
2024-12-03,P0211,S008,35,66,10
2024-12-03,P0214,S009,37,24,5
2024-12-03,P0217,S012,208,69,7
2024-12-03,P0220,S018,36,48,8
2024-12-03,P0223,S017,41,64,9
2024-12-03,P0226,S010,18,43,12
2024-12-03,P0229,S005,167,43,10
2024-12-03,P0232,S007,58,56,5
2024-12-03,P0235,S012,64,50,9
2024-12-03,P0238,S010,63,21,3
2024-12-03,P0241,S013,169,48,3
2024-12-03,P0244,S006,42,53,9
2024-12-03,P0247,S006,61,65,4
2024-12-03,P0250,S012,191,51,3
2024-12-03,P0253,S003,53,47,11
2024-12-03,P0256,S009,78,35,3
2024-12-03,P0259,S010,109,66,10
2024-12-03,P0262,S002,192,43,8
2024-12-03,P0265,S009,26,30,10
2024-12-03,P0268,S013,155,46,5
2024-12-03,P0271,S016,68,50,3
2024-12-03,P0274,S002,182,42,11
2024-12-03,P0277,S011,193,40,8
2024-12-03,P0280,S007,32,59,5
2024-12-03,P0283,S014,180,68,12
2024-12-03,P0286,S010,62,21,9
2024-12-03,P0289,S014,136,39,8
2024-12-03,P0292,S017,190,55,11
2024-12-03,P0295,S001,109,55,4
2024-12-03,P0298,S003,17,33,3
2024-12-02,P0001,S008,110,20,10
2024-12-02,P0004,S005,186,65,5
2024-12-02,P0007,S012,78,39,12
2024-12-02,P0010,S011,86,31,11
2024-12-02,P0013,S016,31,47,6
2024-12-02,P0016,S016,102,39,9
2024-12-02,P0019,S004,12,25,6
2024-12-02,P0022,S008,24,50,12
2024-12-02,P0025,S016,33,51,9
2024-12-02,P0028,S013,119,41,6
2024-12-02,P0031,S011,157,51,3
2024-12-02,P0034,S016,73,47,4
2024-12-02,P0037,S014,37,42,10
2024-12-02,P0040,S004,163,55,6
2024-12-02,P0043,S001,132,30,11
2024-12-02,P0046,S002,121,55,4
2024-12-02,P0049,S009,131,65,4
2024-12-02,P0052,S014,171,40,7
2024-12-02,P0055,S012,176,40,9
2024-12-02,P0058,S005,124,42,5
2024-12-02,P0061,S012,130,38,3
2024-12-02,P0064,S002,65,29,4
2024-12-02,P0067,S002,56,52,7
2024-12-02,P0070,S014,191,55,3
2024-12-02,P0073,S004,130,55,3
2024-12-02,P0076,S018,97,41,5
2024-12-02,P0079,S018,167,61,4
2024-12-02,P0082,S005,148,33,4
2024-12-02,P0085,S016,116,69,8
2024-12-02,P0088,S017,158,59,10
2024-12-02,P0091,S007,68,40,4
2024-12-02,P0094,S013,83,67,12
2024-12-02,P0097,S008,106,25,6
2024-12-02,P0100,S004,43,46,6
2024-12-02,P0103,S008,41,70,9
2024-12-02,P0106,S002,61,51,8
2024-12-02,P0109,S017,86,44,9
2024-12-02,P0112,S005,71,23,4
2024-12-02,P0115,S011,138,41,12
2024-12-02,P0118,S018,148,39,7
2024-12-02,P0121,S007,192,27,10
2024-12-02,P0124,S017,161,28,3
2024-12-02,P0127,S003,63,57,8
2024-12-02,P0130,S016,206,23,10
2024-12-02,P0133,S006,170,60,9
2024-12-02,P0136,S008,170,27,8
2024-12-02,P0139,S011,150,41,8
2024-12-02,P0142,S001,10,20,8
2024-12-02,P0145,S010,198,58,11
2024-12-02,P0148,S002,82,22,8
2024-12-02,P0151,S008,21,67,5
2024-12-02,P0154,S005,102,36,5
2024-12-02,P0157,S016,204,63,9
2024-12-02,P0160,S009,144,59,9
2024-12-02,P0163,S012,72,59,4
2024-12-02,P0166,S006,20,61,7
2024-12-02,P0169,S003,65,60,5
2024-12-02,P0172,S018,184,54,5
2024-12-02,P0175,S013,202,22,12
2024-12-02,P0178,S010,58,48,6
2024-12-02,P0181,S016,25,25,7
2024-12-02,P0184,S018,110,22,7
2024-12-02,P0187,S010,205,25,12
2024-12-02,P0190,S009,97,54,10
2024-12-02,P0193,S013,148,40,12
2024-12-02,P0196,S012,128,26,10
2024-12-02,P0199,S018,94,33,4
2024-12-02,P0202,S002,37,66,12
2024-12-02,P0205,S015,91,37,12
2024-12-02,P0208,S007,209,64,5
2024-12-02,P0211,S005,89,62,5
2024-12-02,P0214,S016,83,36,5
2024-12-02,P0217,S006,59,36,7
2024-12-02,P0220,S009,112,65,12
2024-12-02,P0223,S011,134,49,9
2024-12-02,P0226,S012,32,53,12
2024-12-02,P0229,S008,176,42,5
2024-12-02,P0232,S012,11,47,12
2024-12-02,P0235,S009,167,54,10
2024-12-02,P0238,S005,125,32,11
2024-12-02,P0241,S004,146,23,12
2024-12-02,P0244,S002,143,57,7
2024-12-02,P0247,S004,188,36,8
2024-12-02,P0250,S013,95,60,7
2024-12-02,P0253,S001,50,41,9
2024-12-02,P0256,S009,15,39,4
2024-12-02,P0259,S002,90,20,10
2024-12-02,P0262,S004,106,34,5
2024-12-02,P0265,S017,39,33,4
2024-12-02,P0268,S011,165,61,11
2024-12-02,P0271,S001,201,56,3
2024-12-02,P0274,S015,110,35,12
2024-12-02,P0277,S008,153,68,8
2024-12-02,P0280,S002,137,60,11
2024-12-02,P0283,S001,50,70,4
2024-12-02,P0286,S016,155,26,12
2024-12-02,P0289,S008,205,43,3
2024-12-02,P0292,S002,69,61,3
2024-12-02,P0295,S008,9999,29,9
2024-12-02,P0298,S002,168,28,12
2024-12-01,P0001,S015,100,31,7
2024-12-01,P0004,S015,31,24,11
2024-12-01,P0007,S002,51,42,11
2024-12-01,P0010,S002,53,54,7
2024-12-01,P0013,S004,94,45,11
2024-12-01,P0016,S017,18,32,4
2024-12-01,P0019,S010,34,66,7
2024-12-01,P0022,S007,107,30,10
2024-12-01,P0025,S013,104,21,4
2024-12-01,P0028,S016,196,65,3
2024-12-01,P0031,S009,104,56,9
2024-12-01,P0034,S007,130,41,8
2024-12-01,P0037,S005,165,61,6
2024-12-01,P0040,S017,23,57,3
2024-12-01,P0043,S004,126,36,6
2024-12-01,P0046,S004,74,39,11
2024-12-01,P0049,S011,11,32,5
2024-12-01,P0052,S015,197,51,6
2024-12-01,P0055,S010,44,69,3
2024-12-01,P0058,S005,195,63,4
2024-12-01,P0061,S010,196,51,10
2024-12-01,P0064,S004,122,38,12
2024-12-01,P0067,S013,55,59,7
2024-12-01,P0070,S003,43,51,11
2024-12-01,P0073,S006,92,20,3
2024-12-01,P0076,S015,181,44,9
2024-12-01,P0079,S015,184,37,11
2024-12-01,P0082,S002,25,50,11
2024-12-01,P0085,S015,142,29,8
2024-12-01,P0088,S017,25,46,11
2024-12-01,P0091,S017,66,41,9
2024-12-01,P0094,S013,119,56,5
2024-12-01,P0097,S012,151,67,8
2024-12-01,P0100,S003,65,66,7
2024-12-01,P0103,S001,176,33,7
2024-12-01,P0106,S014,176,66,3
2024-12-01,P0109,S001,96,47,3
2024-12-01,P0112,S016,13,23,7
2024-12-01,P0115,S015,131,22,7
2024-12-01,P0118,S010,27,31,4
2024-12-01,P0121,S011,163,36,7
2024-12-01,P0124,S015,59,53,10
2024-12-01,P0127,S009,187,45,7
2024-12-01,P0130,S007,37,21,12
2024-12-01,P0133,S011,104,55,9
2024-12-01,P0136,S018,177,51,3
2024-12-01,P0139,S003,61,65,12
2024-12-01,P0142,S001,177,21,9
2024-12-01,P0145,S004,150,56,8
2024-12-01,P0148,S013,10,59,3
2024-12-01,P0151,S013,39,32,7
2024-12-01,P0154,S006,20,46,10
2024-12-01,P0157,S011,148,51,11
2024-12-01,P0160,S017,67,67,5
2024-12-01,P0163,S010,50,55,10
2024-12-01,P0166,S010,98,25,9
2024-12-01,P0169,S007,88,47,12
2024-12-01,P0172,S002,53,34,9
2024-12-01,P0175,S001,81,25,11
2024-12-01,P0178,S018,165,50,3
2024-12-01,P0181,S001,188,25,6
2024-12-01,P0184,S011,187,45,8
2024-12-01,P0187,S006,31,53,8
2024-12-01,P0190,S012,99,64,7
2024-12-01,P0193,S012,46,21,5
2024-12-01,P0196,S018,122,45,9
2024-12-01,P0199,S002,30,53,5
2024-12-01,P0202,S007,153,22,11
2024-12-01,P0205,S011,140,60,8
2024-12-01,P0208,S016,116,34,11
2024-12-01,P0211,S011,14,22,10
2024-12-01,P0214,S017,128,51,12
2024-12-01,P0217,S007,126,33,10
2024-12-01,P0220,S009,10,45,12
2024-12-01,P0223,S014,78,55,8
2024-12-01,P0226,S010,27,48,10
2024-12-01,P0229,S004,123,34,7
2024-12-01,P0232,S005,148,54,6
2024-12-01,P0235,S015,125,51,3
2024-12-01,P0238,S010,194,57,10
2024-12-01,P0241,S017,41,41,3
2024-12-01,P0244,S007,200,65,10
2024-12-01,P0247,S007,38,59,6
2024-12-01,P0250,S015,9999,66,5
2024-12-01,P0253,S008,117,70,4
2024-12-01,P0256,S009,45,38,4
2024-12-01,P0259,S004,131,31,12
2024-12-01,P0262,S016,52,63,12
2024-12-01,P0265,S013,99,45,12
2024-12-01,P0268,S008,9999,55,5
2024-12-01,P0271,S016,49,37,10
2024-12-01,P0274,S013,161,23,8
2024-12-01,P0277,S008,120,26,12
2024-12-01,P0280,S008,162,49,3
2024-12-01,P0283,S012,35,51,10
2024-12-01,P0286,S015,48,20,3
2024-12-01,P0289,S001,89,57,8
2024-12-01,P0292,S010,179,70,9
2024-12-01,P0295,S016,97,35,7
2024-12-01,P0298,S010,202,25,11
2024-11-30,P0001,S003,33,34,3
2024-11-30,P0004,S005,154,46,6
2024-11-30,P0007,S009,27,32,4
2024-11-30,P0010,S004,155,49,12
2024-11-30,P0013,S014,69,40,3
2024-11-30,P0016,S002,57,57,11
2024-11-30,P0019,S009,194,38,6
2024-11-30,P0022,S005,67,23,3
2024-11-30,P0025,S008,49,66,4
2024-11-30,P0028,S001,182,20,5
2024-11-30,P0031,S015,84,28,11
2024-11-30,P0034,S008,133,20,5
2024-11-30,P0037,S013,123,32,5
2024-11-30,P0040,S018,97,28,10
2024-11-30,P0043,S001,116,40,5
2024-11-30,P0046,S005,115,61,9
2024-11-30,P0049,S016,59,64,4
2024-11-30,P0052,S012,42,59,3
2024-11-30,P0055,S010,127,58,11
2024-11-30,P0058,S006,186,50,7
2024-11-30,P0061,S018,63,55,3
2024-11-30,P0064,S008,23,61,12
2024-11-30,P0067,S006,30,55,8
2024-11-30,P0070,S013,86,35,6
2024-11-30,P0073,S017,172,44,8
2024-11-30,P0076,S010,80,67,3
2024-11-30,P0079,S018,76,34,7
2024-11-30,P0082,S018,100,58,5
2024-11-30,P0085,S008,10,35,12
2024-11-30,P0088,S009,88,60,5
2024-11-30,P0091,S015,202,37,3
2024-11-30,P0094,S006,109,39,5
2024-11-30,P0097,S015,147,60,11
2024-11-30,P0100,S005,208,43,10
2024-11-30,P0103,S016,114,53,8
2024-11-30,P0106,S001,66,31,6
2024-11-30,P0109,S016,157,25,11
2024-11-30,P0112,S005,204,42,9
2024-11-30,P0115,S016,61,61,3
2024-11-30,P0118,S016,176,67,3
2024-11-30,P0121,S017,172,68,8
2024-11-30,P0124,S012,128,48,7
2024-11-30,P0127,S011,33,65,4
2024-11-30,P0130,S012,111,21,9
2024-11-30,P0133,S016,81,66,12
2024-11-30,P0136,S016,91,55,4
2024-11-30,P0139,S015,111,58,7
2024-11-30,P0142,S018,63,29,5
2024-11-30,P0145,S002,105,61,5
2024-11-30,P0148,S018,152,64,5
2024-11-30,P0151,S001,165,59,11
2024-11-30,P0154,S009,87,45,10
2024-11-30,P0157,S005,-15,28,10
2024-11-30,P0160,S015,94,66,7
2024-11-30,P0163,S007,49,42,7
2024-11-30,P0166,S016,165,26,5
2024-11-30,P0169,S011,30,31,10
2024-11-30,P0172,S014,85,67,7
2024-11-30,P0175,S017,60,47,11
2024-11-30,P0178,S008,89,30,12
2024-11-30,P0181,S012,69,49,3
2024-11-30,P0184,S006,172,47,5
2024-11-30,P0187,S008,119,32,4
2024-11-30,P0190,S008,180,56,6
2024-11-30,P0193,S009,22,20,8
2024-11-30,P0196,S015,132,63,4
2024-11-30,P0199,S002,195,35,4
2024-11-30,P0202,S001,202,26,9
2024-11-30,P0205,S014,18,46,12
2024-11-30,P0208,S012,120,62,3
2024-11-30,P0211,S015,21,37,11
2024-11-30,P0214,S008,149,45,3
2024-11-30,P0217,S002,173,61,8
2024-11-30,P0220,S008,117,39,6
2024-11-30,P0223,S006,174,56,10
2024-11-30,P0226,S012,40,23,7
2024-11-30,P0229,S003,193,50,8
2024-11-30,P0232,S004,174,22,5
2024-11-30,P0235,S011,148,23,9
2024-11-30,P0238,S002,167,43,10
2024-11-30,P0241,S005,87,20,11
2024-11-30,P0244,S015,166,36,12
2024-11-30,P0247,S006,121,43,10
2024-11-30,P0250,S001,149,41,10
2024-11-30,P0253,S008,82,67,12
2024-11-30,P0256,S011,85,63,6
2024-11-30,P0259,S012,79,33,9
2024-11-30,P0262,S006,61,32,12
2024-11-30,P0265,S014,49,35,11
2024-11-30,P0268,S003,140,61,6
2024-11-30,P0271,S005,59,70,9
2024-11-30,P0274,S003,51,43,8
2024-11-30,P0277,S013,150,21,8
2024-11-30,P0280,S007,115,67,7
2024-11-30,P0283,S014,161,54,7
2024-11-30,P0286,S013,139,26,11
2024-11-30,P0289,S012,89,51,8
2024-11-30,P0292,S003,157,20,9
2024-11-30,P0295,S011,178,68,7
2024-11-30,P0298,S013,182,57,8
2024-11-29,P0001,S003,59,59,12
2024-11-29,P0004,S002,112,60,4
2024-11-29,P0007,S001,99,23,6
2024-11-29,P0010,S014,129,38,6
2024-11-29,P0013,S009,130,45,8
2024-11-29,P0016,S016,60,49,11
2024-11-29,P0019,S017,118,38,6
2024-11-29,P0022,S006,140,42,8
2024-11-29,P0025,S016,33,36,9
2024-11-29,P0028,S014,123,60,7
2024-11-29,P0031,S016,25,31,4
2024-11-29,P0034,S011,98,43,6
2024-11-29,P0037,S002,154,36,3
2024-11-29,P0040,S004,195,29,9
2024-11-29,P0043,S005,165,66,11
2024-11-29,P0046,S004,133,38,8
2024-11-29,P0049,S013,112,58,12
2024-11-29,P0052,S017,17,43,11
2024-11-29,P0055,S003,69,57,8
2024-11-29,P0058,S003,139,50,9
2024-11-29,P0061,S005,181,55,3
2024-11-29,P0064,S018,76,35,12
2024-11-29,P0067,S016,26,38,3
2024-11-29,P0070,S013,83,32,6
2024-11-29,P0073,S008,200,36,7
2024-11-29,P0076,S014,20,56,9
2024-11-29,P0079,S018,100,70,7
2024-11-29,P0082,S011,153,55,11
2024-11-29,P0085,S013,41,57,7
2024-11-29,P0088,S009,138,38,10
2024-11-29,P0091,S008,210,66,8
2024-11-29,P0094,S010,83,47,8
2024-11-29,P0097,S006,64,43,12
2024-11-29,P0100,S006,196,42,9
2024-11-29,P0103,S016,84,56,4
2024-11-29,P0106,S007,115,67,6
2024-11-29,P0109,S001,201,52,10
2024-11-29,P0112,S006,202,58,4
2024-11-29,P0115,S010,13,38,5
2024-11-29,P0118,S018,135,22,7
2024-11-29,P0121,S017,202,60,7
2024-11-29,P0124,S013,45,20,10
2024-11-29,P0127,S003,103,60,5
2024-11-29,P0130,S005,26,58,11
2024-11-29,P0133,S014,135,30,7
2024-11-29,P0136,S018,104,42,8
2024-11-29,P0139,S005,137,42,9
2024-11-29,P0142,S014,125,46,4
2024-11-29,P0145,S011,202,69,10
2024-11-29,P0148,S007,167,40,7
2024-11-29,P0151,S004,124,64,5
2024-11-29,P0154,S014,17,58,7
2024-11-29,P0157,S009,126,33,9
2024-11-29,P0160,S003,201,31,11
2024-11-29,P0163,S006,163,44,7
2024-11-29,P0166,S004,108,35,7
2024-11-29,P0169,S007,47,24,11
2024-11-29,P0172,S015,97,27,7
2024-11-29,P0175,S015,90,47,6
2024-11-29,P0178,S011,124,53,11
2024-11-29,P0181,S014,169,30,11
2024-11-29,P0184,S014,122,39,12
2024-11-29,P0187,S001,159,47,11
2024-11-29,P0190,S017,126,28,10
2024-11-29,P0193,S008,95,40,12
2024-11-29,P0196,S009,51,65,9
2024-11-29,P0199,S007,82,64,7
2024-11-29,P0202,S009,155,32,3
2024-11-29,P0205,S017,75,59,7
2024-11-29,P0208,S014,71,51,6
2024-11-29,P0211,S014,50,48,3
2024-11-29,P0214,S012,49,35,8
2024-11-29,P0217,S002,38,50,9
2024-11-29,P0220,S012,49,36,6
2024-11-29,P0223,S012,68,27,8
2024-11-29,P0226,S015,146,27,6
2024-11-29,P0229,S006,176,20,3
2024-11-29,P0232,S003,158,36,10
2024-11-29,P0235,S005,200,45,7
2024-11-29,P0238,S012,151,43,9
2024-11-29,P0241,S012,48,27,6
2024-11-29,P0244,S012,177,69,7
2024-11-29,P0247,S014,165,22,4
2024-11-29,P0250,S007,32,34,5
2024-11-29,P0253,S004,61,58,9
2024-11-29,P0256,S017,172,26,3
2024-11-29,P0259,S004,141,65,4
2024-11-29,P0262,S016,58,47,11
2024-11-29,P0265,S007,179,54,4
2024-11-29,P0268,S007,155,38,3
2024-11-29,P0271,S005,94,63,8
2024-11-29,P0274,S011,121,69,7
2024-11-29,P0277,S002,66,64,4
2024-11-29,P0280,S015,12,30,5
2024-11-29,P0283,S014,129,42,3
2024-11-29,P0286,S001,115,38,11
2024-11-29,P0289,S017,59,55,6
2024-11-29,P0292,S008,146,22,8
2024-11-29,P0295,S007,133,61,9
2024-11-29,P0298,S006,111,51,10
2024-11-28,P0001,S016,151,39,7
2024-11-28,P0004,S011,74,63,3
2024-11-28,P0007,S012,203,30,8
2024-11-28,P0010,S017,113,62,9
2024-11-28,P0013,S008,92,49,11
2024-11-28,P0016,S005,57,69,6
2024-11-28,P0019,S007,72,34,9
2024-11-28,P0022,S001,-15,38,11
2024-11-28,P0025,S008,87,49,12
2024-11-28,P0028,S013,198,59,7
2024-11-28,P0031,S007,82,51,12
2024-11-28,P0034,S009,198,23,11
2024-11-28,P0037,S004,108,21,3
2024-11-28,P0040,S009,187,51,8
2024-11-28,P0043,S003,208,35,6
2024-11-28,P0046,S012,79,56,8
2024-11-28,P0049,S011,178,24,10
2024-11-28,P0052,S017,62,52,4
2024-11-28,P0055,S005,136,23,7
2024-11-28,P0058,S012,67,25,9
2024-11-28,P0061,S004,168,36,11
2024-11-28,P0064,S007,62,64,10
2024-11-28,P0067,S014,143,31,11
2024-11-28,P0070,S017,122,56,7
2024-11-28,P0073,S004,18,39,11
2024-11-28,P0076,S018,153,68,9
2024-11-28,P0079,S010,14,55,12
2024-11-28,P0082,S018,201,25,5
2024-11-28,P0085,S014,196,65,3
2024-11-28,P0088,S015,43,20,10
2024-11-28,P0091,S016,44,49,12
2024-11-28,P0094,S004,141,58,10
2024-11-28,P0097,S004,68,57,7
2024-11-28,P0100,S004,36,34,7
2024-11-28,P0103,S005,54,66,8
2024-11-28,P0106,S018,109,48,6
2024-11-28,P0109,S014,206,44,12
2024-11-28,P0112,S016,162,45,12
2024-11-28,P0115,S014,25,26,6
2024-11-28,P0118,S005,101,56,11
2024-11-28,P0121,S013,111,53,5
2024-11-28,P0124,S008,157,20,9
2024-11-28,P0127,S016,79,39,3
2024-11-28,P0130,S013,23,50,10
2024-11-28,P0133,S002,205,20,5
2024-11-28,P0136,S003,55,57,8
2024-11-28,P0139,S006,207,59,4
2024-11-28,P0142,S003,62,39,8
2024-11-28,P0145,S009,186,62,6
2024-11-28,P0148,S009,159,38,8
2024-11-28,P0151,S015,210,27,9
2024-11-28,P0154,S008,20,44,11
2024-11-28,P0157,S018,57,55,8
2024-11-28,P0160,S008,83,58,4
2024-11-28,P0163,S012,24,67,4
2024-11-28,P0166,S001,171,36,3
2024-11-28,P0169,S012,39,69,3
2024-11-28,P0172,S006,156,60,4
2024-11-28,P0175,S007,130,68,11
2024-11-28,P0178,S010,127,41,12
2024-11-28,P0181,S011,122,26,12
2024-11-28,P0184,S008,144,24,9
2024-11-28,P0187,S014,92,29,4
2024-11-28,P0190,S012,79,20,5
2024-11-28,P0193,S003,192,24,10
2024-11-28,P0196,S018,119,56,6
2024-11-28,P0199,S008,82,40,11
2024-11-28,P0202,S014,200,55,12
2024-11-28,P0205,S009,67,55,8
2024-11-28,P0208,S012,38,62,6
2024-11-28,P0211,S010,46,62,9
2024-11-28,P0214,S002,76,43,10
2024-11-28,P0217,S006,137,48,9
2024-11-28,P0220,S018,140,44,3
2024-11-28,P0223,S018,169,64,11
2024-11-28,P0226,S005,23,20,8
2024-11-28,P0229,S013,91,55,6
2024-11-28,P0232,S001,83,36,9
2024-11-28,P0235,S002,74,52,12
2024-11-28,P0238,S016,10,34,6
2024-11-28,P0241,S006,10,31,6
2024-11-28,P0244,S002,56,33,3
2024-11-28,P0247,S006,104,41,12
2024-11-28,P0250,S014,147,26,6
2024-11-28,P0253,S001,158,65,12
2024-11-28,P0256,S006,135,20,10
2024-11-28,P0259,S016,134,30,10
2024-11-28,P0262,S001,207,56,7
2024-11-28,P0265,S002,95,30,12
2024-11-28,P0268,S001,139,46,12
2024-11-28,P0271,S007,143,46,10
2024-11-28,P0274,S007,179,38,7
2024-11-28,P0277,S009,116,33,12
2024-11-28,P0280,S005,22,27,4
2024-11-28,P0283,S006,39,47,8
2024-11-28,P0286,S004,210,37,10
2024-11-28,P0289,S016,176,49,12
2024-11-28,P0292,S015,65,32,11
2024-11-28,P0295,S009,173,26,3
2024-11-28,P0298,S012,105,51,12
2024-11-27,P0001,S015,120,27,4
2024-11-27,P0004,S003,99,61,8
2024-11-27,P0007,S010,34,68,4
2024-11-27,P0010,S009,21,51,3
2024-11-27,P0013,S002,94,63,3
2024-11-27,P0016,S012,133,70,7
2024-11-27,P0019,S008,199,44,5
2024-11-27,P0022,S015,176,62,9
2024-11-27,P0025,S016,51,56,7
2024-11-27,P0028,S013,35,34,5
2024-11-27,P0031,S003,35,23,7
2024-11-27,P0034,S001,53,61,11
2024-11-27,P0037,S009,16,37,4
2024-11-27,P0040,S008,21,60,6
2024-11-27,P0043,S004,16,49,7
2024-11-27,P0046,S015,42,27,5
2024-11-27,P0049,S015,183,65,7
2024-11-27,P0052,S018,187,56,9
2024-11-27,P0055,S004,81,64,5
2024-11-27,P0058,S013,208,47,5
2024-11-27,P0061,S002,101,29,3
2024-11-27,P0064,S016,78,45,12
2024-11-27,P0067,S004,148,53,11
2024-11-27,P0070,S003,49,39,12
2024-11-27,P0073,S003,157,36,6
2024-11-27,P0076,S017,63,61,12
2024-11-27,P0079,S011,173,63,8
2024-11-27,P0082,S013,192,58,5
2024-11-27,P0085,S018,84,61,11
2024-11-27,P0088,S014,35,42,9
2024-11-27,P0091,S010,124,58,4
2024-11-27,P0094,S018,111,47,7
2024-11-27,P0097,S018,206,30,12
2024-11-27,P0100,S010,19,24,3
2024-11-27,P0103,S018,177,47,7
2024-11-27,P0106,S006,37,64,4
2024-11-27,P0109,S014,63,30,7
2024-11-27,P0112,S004,121,38,10
2024-11-27,P0115,S006,9999,58,8
2024-11-27,P0118,S007,98,47,6
2024-11-27,P0121,S018,98,58,11
2024-11-27,P0124,S006,65,62,3
2024-11-27,P0127,S016,96,38,10
2024-11-27,P0130,S012,188,35,12
2024-11-27,P0133,S012,47,22,12
2024-11-27,P0136,S007,81,37,12
2024-11-27,P0139,S009,115,54,12
2024-11-27,P0142,S016,141,47,9
2024-11-27,P0145,S009,170,32,9
2024-11-27,P0148,S007,210,49,3
2024-11-27,P0151,S007,174,60,4
2024-11-27,P0154,S008,70,49,11
2024-11-27,P0157,S008,69,40,7
2024-11-27,P0160,S012,28,67,9
2024-11-27,P0163,S009,112,55,5
2024-11-27,P0166,S003,191,46,12
2024-11-27,P0169,S013,165,50,3
2024-11-27,P0172,S001,19,28,11
2024-11-27,P0175,S008,136,40,5
2024-11-27,P0178,S002,43,64,11
2024-11-27,P0181,S015,142,56,8
2024-11-27,P0184,S016,158,38,8
2024-11-27,P0187,S007,189,60,3
2024-11-27,P0190,S001,83,48,3
2024-11-27,P0193,S009,78,43,7
2024-11-27,P0196,S013,42,52,10
2024-11-27,P0199,S004,92,52,10
2024-11-27,P0202,S002,81,56,7
2024-11-27,P0205,S006,206,40,12
2024-11-27,P0208,S012,32,22,5
2024-11-27,P0211,S011,70,36,11
2024-11-27,P0214,S003,202,68,7
2024-11-27,P0217,S011,179,39,3
2024-11-27,P0220,S012,162,54,9
2024-11-27,P0223,S016,144,47,9
2024-11-27,P0226,S011,97,60,4
2024-11-27,P0229,S001,104,65,11
2024-11-27,P0232,S006,205,47,11
2024-11-27,P0235,S014,21,43,4
2024-11-27,P0238,S006,119,45,3
2024-11-27,P0241,S016,102,48,6
2024-11-27,P0244,S016,138,65,4
2024-11-27,P0247,S007,71,39,3
2024-11-27,P0250,S002,87,41,3
2024-11-27,P0253,S012,58,32,9
2024-11-27,P0256,S014,42,37,10
2024-11-27,P0259,S003,49,65,6
2024-11-27,P0262,S008,146,32,7
2024-11-27,P0265,S008,118,27,3
2024-11-27,P0268,S018,170,29,11
2024-11-27,P0271,S010,178,35,5
2024-11-27,P0274,S010,199,30,9
2024-11-27,P0277,S011,87,23,8
2024-11-27,P0280,S016,51,38,3
2024-11-27,P0283,S018,61,57,8
2024-11-27,P0286,S011,203,67,12
2024-11-27,P0289,S004,134,33,6
2024-11-27,P0292,S006,61,25,7
2024-11-27,P0295,S013,36,41,4
2024-11-27,P0298,S004,34,34,11
2024-11-26,P0001,S006,81,60,9
2024-11-26,P0004,S007,133,70,11
2024-11-26,P0007,S002,135,64,5
2024-11-26,P0010,S002,22,64,6
2024-11-26,P0013,S003,134,62,6
2024-11-26,P0016,S007,164,61,10
2024-11-26,P0019,S015,66,32,7
2024-11-26,P0022,S005,131,32,11
2024-11-26,P0025,S009,134,41,12
2024-11-26,P0028,S018,50,50,10
2024-11-26,P0031,S004,155,58,11
2024-11-26,P0034,S015,16,47,6
2024-11-26,P0037,S014,191,61,6
2024-11-26,P0040,S003,194,49,12
2024-11-26,P0043,S001,27,56,8
2024-11-26,P0046,S016,183,39,9
2024-11-26,P0049,S016,185,60,4
2024-11-26,P0052,S002,92,37,7
2024-11-26,P0055,S010,137,20,5
2024-11-26,P0058,S010,124,32,3
2024-11-26,P0061,S016,131,45,3
2024-11-26,P0064,S012,107,30,11
2024-11-26,P0067,S006,183,67,9
2024-11-26,P0070,S006,104,55,9
2024-11-26,P0073,S015,96,35,3
2024-11-26,P0076,S007,81,33,3
2024-11-26,P0079,S013,44,39,4
2024-11-26,P0082,S004,17,32,7
2024-11-26,P0085,S018,178,42,9
2024-11-26,P0088,S001,51,54,3
2024-11-26,P0091,S012,203,36,3
2024-11-26,P0094,S003,82,65,8
2024-11-26,P0097,S008,112,59,11
2024-11-26,P0100,S012,193,65,7
2024-11-26,P0103,S001,142,26,6
2024-11-26,P0106,S008,210,33,9
2024-11-26,P0109,S015,152,56,10
2024-11-26,P0112,S018,96,30,4
2024-11-26,P0115,S013,186,55,5
2024-11-26,P0118,S009,191,20,9
2024-11-26,P0121,S003,59,59,8
2024-11-26,P0124,S012,208,44,8
2024-11-26,P0127,S007,169,39,4
2024-11-26,P0130,S010,184,69,10
2024-11-26,P0133,S011,128,27,10
2024-11-26,P0136,S012,45,51,8
2024-11-26,P0139,S013,61,21,11
2024-11-26,P0142,S008,108,56,10
2024-11-26,P0145,S016,72,26,3
2024-11-26,P0148,S016,32,42,3
2024-11-26,P0151,S006,73,46,7
2024-11-26,P0154,S005,130,63,5
2024-11-26,P0157,S009,111,25,8
2024-11-26,P0160,S005,17,25,5
2024-11-26,P0163,S018,201,35,4
2024-11-26,P0166,S006,155,54,8
2024-11-26,P0169,S003,48,38,5
2024-11-26,P0172,S014,14,24,11
2024-11-26,P0175,S018,192,63,12
2024-11-26,P0178,S018,162,22,4
2024-11-26,P0181,S003,40,41,4
2024-11-26,P0184,S016,71,57,9
2024-11-26,P0187,S010,142,53,10
2024-11-26,P0190,S003,205,24,4
2024-11-26,P0193,S003,90,20,7
2024-11-26,P0196,S011,204,47,12
2024-11-26,P0199,S007,184,38,11
2024-11-26,P0202,S001,91,25,6
2024-11-26,P0205,S015,196,47,8
2024-11-26,P0208,S010,107,52,3
2024-11-26,P0211,S002,150,54,12
2024-11-26,P0214,S013,132,66,11
2024-11-26,P0217,S005,75,29,10
2024-11-26,P0220,S016,132,20,7
2024-11-26,P0223,S016,154,36,11
2024-11-26,P0226,S009,18,45,12
2024-11-26,P0229,S016,80,58,4
2024-11-26,P0232,S004,119,44,4
2024-11-26,P0235,S004,85,53,4
2024-11-26,P0238,S001,190,64,3
2024-11-26,P0241,S005,95,56,8
2024-11-26,P0244,S012,61,49,8
2024-11-26,P0247,S009,170,63,10
2024-11-26,P0250,S012,42,62,11
2024-11-26,P0253,S003,188,61,12
2024-11-26,P0256,S014,204,35,12
2024-11-26,P0259,S016,187,24,9
2024-11-26,P0262,S003,94,68,12
2024-11-26,P0265,S001,21,26,10
2024-11-26,P0268,S013,181,57,8
2024-11-26,P0271,S001,180,37,6
2024-11-26,P0274,S018,27,55,7
2024-11-26,P0277,S016,202,35,4
2024-11-26,P0280,S007,155,62,5
2024-11-26,P0283,S010,153,55,3
2024-11-26,P0286,S001,23,53,8
2024-11-26,P0289,S015,87,26,7
2024-11-26,P0292,S002,64,28,5
2024-11-26,P0295,S013,192,62,5
2024-11-26,P0298,S006,147,66,12
2024-11-25,P0001,S008,135,38,3
2024-11-25,P0004,S010,83,23,8
2024-11-25,P0007,S016,99,63,12
2024-11-25,P0010,S014,167,41,8
2024-11-25,P0013,S001,33,70,7
2024-11-25,P0016,S009,194,27,9
2024-11-25,P0019,S015,201,59,11
2024-11-25,P0022,S008,143,20,10
2024-11-25,P0025,S004,73,56,11
2024-11-25,P0028,S002,153,20,8
2024-11-25,P0031,S016,203,30,8
2024-11-25,P0034,S003,188,34,12
2024-11-25,P0037,S017,62,44,12
2024-11-25,P0040,S013,39,49,10
2024-11-25,P0043,S018,67,21,5
2024-11-25,P0046,S007,62,53,12
2024-11-25,P0049,S012,176,20,10
2024-11-25,P0052,S011,190,67,3
2024-11-25,P0055,S012,182,53,3
2024-11-25,P0058,S004,42,55,7
2024-11-25,P0061,S017,154,42,11
2024-11-25,P0064,S001,177,63,6
2024-11-25,P0067,S010,104,54,12
2024-11-25,P0070,S001,33,49,7
2024-11-25,P0073,S018,36,23,6
2024-11-25,P0076,S014,154,61,8
2024-11-25,P0079,S006,153,39,10
2024-11-25,P0082,S012,83,29,11
2024-11-25,P0085,S014,192,45,3
2024-11-25,P0088,S011,176,55,6
2024-11-25,P0091,S003,204,41,9
2024-11-25,P0094,S018,169,29,3
2024-11-25,P0097,S002,49,21,5
2024-11-25,P0100,S003,12,48,3
2024-11-25,P0103,S003,97,28,10
2024-11-25,P0106,S013,124,37,4
2024-11-25,P0109,S001,150,49,6
2024-11-25,P0112,S008,54,21,4
2024-11-25,P0115,S001,138,34,5
2024-11-25,P0118,S011,24,38,9
2024-11-25,P0121,S018,43,62,10
2024-11-25,P0124,S002,48,65,6
2024-11-25,P0127,S018,22,44,4
2024-11-25,P0130,S010,109,62,5
2024-11-25,P0133,S010,154,50,10
2024-11-25,P0136,S015,67,31,12
2024-11-25,P0139,S004,9999,66,3
2024-11-25,P0142,S010,94,23,10
2024-11-25,P0145,S001,36,54,10
2024-11-25,P0148,S012,136,21,3
2024-11-25,P0151,S016,51,65,5
2024-11-25,P0154,S005,136,54,9
2024-11-25,P0157,S011,40,31,6
2024-11-25,P0160,S008,100,70,4
2024-11-25,P0163,S006,36,50,9
2024-11-25,P0166,S005,41,45,6
2024-11-25,P0169,S017,95,39,7
2024-11-25,P0172,S002,126,30,4
2024-11-25,P0175,S005,140,28,12
2024-11-25,P0178,S001,141,50,5
2024-11-25,P0181,S018,137,48,5
2024-11-25,P0184,S017,163,21,12
2024-11-25,P0187,S016,121,56,10
2024-11-25,P0190,S009,111,65,9
2024-11-25,P0193,S001,22,44,3
2024-11-25,P0196,S005,120,60,12
2024-11-25,P0199,S002,202,32,5
2024-11-25,P0202,S018,180,48,10
2024-11-25,P0205,S018,103,62,6
2024-11-25,P0208,S004,119,32,10
2024-11-25,P0211,S001,86,38,10
2024-11-25,P0214,S012,82,61,3
2024-11-25,P0217,S015,106,53,3
2024-11-25,P0220,S004,103,28,11
2024-11-25,P0223,S009,96,44,7
2024-11-25,P0226,S006,40,49,8
2024-11-25,P0229,S007,65,21,11
2024-11-25,P0232,S005,188,51,10
2024-11-25,P0235,S011,167,50,5
2024-11-25,P0238,S016,198,28,9
2024-11-25,P0241,S007,77,69,5
2024-11-25,P0244,S014,143,56,5
2024-11-25,P0247,S013,171,57,8
2024-11-25,P0250,S011,35,24,12
2024-11-25,P0253,S018,108,42,11
2024-11-25,P0256,S012,185,46,4
2024-11-25,P0259,S015,115,30,4
2024-11-25,P0262,S011,78,26,11
2024-11-25,P0265,S009,165,50,10
2024-11-25,P0268,S004,174,51,5
2024-11-25,P0271,S007,139,40,6
2024-11-25,P0274,S008,147,40,7
2024-11-25,P0277,S009,112,30,5
2024-11-25,P0280,S018,72,34,9
2024-11-25,P0283,S006,10,41,9
2024-11-25,P0286,S007,195,25,10
2024-11-25,P0289,S014,202,46,3
2024-11-25,P0292,S005,124,47,3
2024-11-25,P0295,S009,136,29,4
2024-11-25,P0298,S001,131,45,5
2024-11-24,P0001,S002,31,20,5
2024-11-24,P0004,S011,16,24,4
2024-11-24,P0007,S012,46,70,4
2024-11-24,P0010,S009,154,43,6
2024-11-24,P0013,S015,204,48,8
2024-11-24,P0016,S012,54,59,7
2024-11-24,P0019,S005,139,32,3
2024-11-24,P0022,S009,184,47,7
2024-11-24,P0025,S009,169,29,10
2024-11-24,P0028,S008,12,30,11
2024-11-24,P0031,S014,98,36,5
2024-11-24,P0034,S015,98,52,9
2024-11-24,P0037,S006,142,28,5
2024-11-24,P0040,S012,42,39,9
2024-11-24,P0043,S001,95,52,5
2024-11-24,P0046,S011,114,23,6
2024-11-24,P0049,S009,54,62,5
2024-11-24,P0052,S015,105,49,5
2024-11-24,P0055,S001,137,66,12
2024-11-24,P0058,S011,195,36,12
2024-11-24,P0061,S002,22,65,10
2024-11-24,P0064,S013,83,47,7
2024-11-24,P0067,S006,174,20,8
2024-11-24,P0070,S006,113,51,10
2024-11-24,P0073,S018,57,28,12
2024-11-24,P0076,S017,191,68,7
2024-11-24,P0079,S008,209,33,4
2024-11-24,P0082,S002,115,34,9
2024-11-24,P0085,S016,10,20,7
2024-11-24,P0088,S016,32,68,3
2024-11-24,P0091,S007,48,28,5
2024-11-24,P0094,S017,81,49,5
2024-11-24,P0097,S017,162,43,7
2024-11-24,P0100,S012,195,32,12
2024-11-24,P0103,S009,96,29,8
2024-11-24,P0106,S010,116,56,9
2024-11-24,P0109,S003,64,54,4
2024-11-24,P0112,S013,141,37,7
2024-11-24,P0115,S013,146,46,3
2024-11-24,P0118,S012,46,41,5
2024-11-24,P0121,S007,158,60,9
2024-11-24,P0124,S002,113,64,10
2024-11-24,P0127,S006,132,25,10
2024-11-24,P0130,S012,197,26,10
2024-11-24,P0133,S004,70,43,3
2024-11-24,P0136,S003,146,53,8
2024-11-24,P0139,S008,38,37,9
2024-11-24,P0142,S010,67,48,4
2024-11-24,P0145,S016,40,27,4
2024-11-24,P0148,S007,153,63,5
2024-11-24,P0151,S007,122,42,12
2024-11-24,P0154,S016,173,27,7
2024-11-24,P0157,S008,202,53,6
2024-11-24,P0160,S015,126,30,4
2024-11-24,P0163,S003,151,62,3
2024-11-24,P0166,S006,111,70,12
2024-11-24,P0169,S012,210,43,4
2024-11-24,P0172,S015,87,61,8
2024-11-24,P0175,S006,17,67,12
2024-11-24,P0178,S007,77,47,10
2024-11-24,P0181,S007,164,66,11
2024-11-24,P0184,S007,74,56,8
2024-11-24,P0187,S010,86,46,11
2024-11-24,P0190,S009,139,35,7
2024-11-24,P0193,S015,48,45,6
2024-11-24,P0196,S015,47,43,5
2024-11-24,P0199,S007,145,38,3
2024-11-24,P0202,S003,42,60,12
2024-11-24,P0205,S012,10,30,9
2024-11-24,P0208,S008,27,50,6
2024-11-24,P0211,S017,123,51,10
2024-11-24,P0214,S005,171,22,6
2024-11-24,P0217,S004,165,28,6
2024-11-24,P0220,S011,200,38,10
2024-11-24,P0223,S007,162,51,8
2024-11-24,P0226,S016,28,49,5
2024-11-24,P0229,S014,182,31,4
2024-11-24,P0232,S012,107,46,3
2024-11-24,P0235,S004,22,42,6
2024-11-24,P0238,S011,26,68,5
2024-11-24,P0241,S012,30,36,3
2024-11-24,P0244,S010,169,47,3
2024-11-24,P0247,S009,35,41,12
2024-11-24,P0250,S014,199,47,11
2024-11-24,P0253,S002,155,57,9
2024-11-24,P0256,S017,170,50,3
2024-11-24,P0259,S012,193,55,11
2024-11-24,P0262,S001,186,54,10
2024-11-24,P0265,S013,95,44,10
2024-11-24,P0268,S009,44,66,3
2024-11-24,P0271,S013,97,38,4
2024-11-24,P0274,S015,73,53,11
2024-11-24,P0277,S003,61,66,11
2024-11-24,P0280,S016,204,33,6
2024-11-24,P0283,S011,203,51,6
2024-11-24,P0286,S012,40,47,4
2024-11-24,P0289,S007,25,65,6
2024-11-24,P0292,S008,75,39,9
2024-11-24,P0295,S013,171,50,6
2024-11-24,P0298,S011,32,69,6
2024-11-23,P0001,S018,209,21,3
2024-11-23,P0004,S013,194,43,6
2024-11-23,P0007,S007,175,58,10
2024-11-23,P0010,S009,107,29,5
2024-11-23,P0013,S012,191,69,9
2024-11-23,P0016,S004,43,53,4
2024-11-23,P0019,S005,116,68,8
2024-11-23,P0022,S011,21,21,4
2024-11-23,P0025,S018,173,53,3
2024-11-23,P0028,S016,189,32,10
2024-11-23,P0031,S007,59,34,6
2024-11-23,P0034,S015,171,32,5
2024-11-23,P0037,S005,122,49,8
2024-11-23,P0040,S002,114,23,3
2024-11-23,P0043,S016,110,65,6
2024-11-23,P0046,S014,117,63,12
2024-11-23,P0049,S003,127,34,6
2024-11-23,P0052,S005,51,51,5
2024-11-23,P0055,S014,29,55,5
2024-11-23,P0058,S003,174,49,6
2024-11-23,P0061,S008,118,30,10
2024-11-23,P0064,S013,127,51,7
2024-11-23,P0067,S018,151,25,7
2024-11-23,P0070,S012,170,31,4
2024-11-23,P0073,S012,132,36,3
2024-11-23,P0076,S004,49,57,11
2024-11-23,P0079,S011,75,39,8
2024-11-23,P0082,S015,187,27,12
2024-11-23,P0085,S008,165,69,4
2024-11-23,P0088,S011,84,57,4
2024-11-23,P0091,S009,122,32,10
2024-11-23,P0094,S008,43,35,3
2024-11-23,P0097,S003,115,67,9
2024-11-23,P0100,S010,28,59,11
2024-11-23,P0103,S016,9999,48,5
2024-11-23,P0106,S013,77,23,5
2024-11-23,P0109,S014,117,59,11
2024-11-23,P0112,S006,95,27,8
2024-11-23,P0115,S002,120,40,8
2024-11-23,P0118,S013,95,20,4
2024-11-23,P0121,S008,51,67,6
2024-11-23,P0124,S011,40,49,5
2024-11-23,P0127,S009,202,70,4
2024-11-23,P0130,S015,176,47,7
2024-11-23,P0133,S001,112,31,6
2024-11-23,P0136,S005,28,25,11
2024-11-23,P0139,S002,24,38,3
2024-11-23,P0142,S011,118,57,12
2024-11-23,P0145,S018,103,54,9
2024-11-23,P0148,S005,185,29,12
2024-11-23,P0151,S002,204,58,10
2024-11-23,P0154,S005,27,33,9
2024-11-23,P0157,S006,99,44,7
2024-11-23,P0160,S008,138,47,3
2024-11-23,P0163,S008,130,70,3
2024-11-23,P0166,S001,30,35,7
2024-11-23,P0169,S015,106,61,4
2024-11-23,P0172,S004,103,49,10
2024-11-23,P0175,S001,162,21,9
2024-11-23,P0178,S014,191,34,4
2024-11-23,P0181,S005,140,68,11
2024-11-23,P0184,S018,58,67,11
2024-11-23,P0187,S013,68,37,3
2024-11-23,P0190,S002,48,68,10
2024-11-23,P0193,S013,43,66,3
2024-11-23,P0196,S013,27,40,10
2024-11-23,P0199,S004,38,40,12
2024-11-23,P0202,S010,179,33,6
2024-11-23,P0205,S015,196,24,12
2024-11-23,P0208,S003,-15,41,6
2024-11-23,P0211,S006,17,27,11
2024-11-23,P0214,S008,45,61,4
2024-11-23,P0217,S005,195,58,6
2024-11-23,P0220,S017,204,20,3
2024-11-23,P0223,S003,180,66,7
2024-11-23,P0226,S009,47,45,5
2024-11-23,P0229,S009,48,33,4
2024-11-23,P0232,S013,132,20,11
2024-11-23,P0235,S011,193,31,6
2024-11-23,P0238,S007,68,58,4
2024-11-23,P0241,S008,167,43,10
2024-11-23,P0244,S007,195,54,4
2024-11-23,P0247,S010,179,44,9
2024-11-23,P0250,S003,193,59,3
2024-11-23,P0253,S008,79,70,5
2024-11-23,P0256,S017,38,29,7
2024-11-23,P0259,S004,106,58,8
2024-11-23,P0262,S010,79,43,9
2024-11-23,P0265,S013,87,26,5
2024-11-23,P0268,S002,147,38,4
2024-11-23,P0271,S009,114,44,7
2024-11-23,P0274,S015,25,34,5
2024-11-23,P0277,S006,20,65,7
2024-11-23,P0280,S015,170,28,9
2024-11-23,P0283,S007,199,41,11
2024-11-23,P0286,S018,160,47,7
2024-11-23,P0289,S014,105,57,11
2024-11-23,P0292,S006,107,22,3
2024-11-23,P0295,S001,210,43,8
2024-11-23,P0298,S006,160,29,12
2024-11-22,P0001,S015,110,58,5
2024-11-22,P0004,S002,107,42,4
2024-11-22,P0007,S011,97,51,9
2024-11-22,P0010,S005,47,31,7
2024-11-22,P0013,S012,77,34,5
2024-11-22,P0016,S018,195,68,6
2024-11-22,P0019,S005,89,27,6
2024-11-22,P0022,S002,115,34,11
2024-11-22,P0025,S004,77,58,7
2024-11-22,P0028,S003,196,57,12
2024-11-22,P0031,S017,107,25,12
2024-11-22,P0034,S017,128,21,9
2024-11-22,P0037,S011,117,32,4
2024-11-22,P0040,S007,174,21,7
2024-11-22,P0043,S007,194,29,3
2024-11-22,P0046,S010,98,26,9
2024-11-22,P0049,S015,84,32,6
2024-11-22,P0052,S001,141,68,12
2024-11-22,P0055,S013,110,53,8
2024-11-22,P0058,S003,12,52,6
2024-11-22,P0061,S009,166,68,12
2024-11-22,P0064,S007,99,22,10
2024-11-22,P0067,S013,64,22,9
2024-11-22,P0070,S013,178,47,9
2024-11-22,P0073,S002,75,58,5
2024-11-22,P0076,S007,62,65,7
2024-11-22,P0079,S018,85,64,3
2024-11-22,P0082,S003,159,26,3
2024-11-22,P0085,S004,118,29,7
2024-11-22,P0088,S001,86,20,3
2024-11-22,P0091,S013,170,42,7
2024-11-22,P0094,S018,202,28,5
2024-11-22,P0097,S001,183,41,3
2024-11-22,P0100,S018,186,38,4
2024-11-22,P0103,S016,94,28,4
2024-11-22,P0106,S005,80,33,12
2024-11-22,P0109,S016,95,57,4
2024-11-22,P0112,S001,188,29,7
2024-11-22,P0115,S003,123,21,9
2024-11-22,P0118,S014,125,27,10
2024-11-22,P0121,S002,63,49,6
2024-11-22,P0124,S015,197,59,8
2024-11-22,P0127,S010,15,35,8
2024-11-22,P0130,S014,70,65,5
2024-11-22,P0133,S003,94,43,7
2024-11-22,P0136,S018,184,32,6
2024-11-22,P0139,S004,143,42,11
2024-11-22,P0142,S006,190,70,7
2024-11-22,P0145,S015,10,42,9
2024-11-22,P0148,S014,47,45,4
2024-11-22,P0151,S006,157,46,7
2024-11-22,P0154,S006,129,60,6
2024-11-22,P0157,S003,167,52,12
2024-11-22,P0160,S017,146,70,11
2024-11-22,P0163,S005,155,26,8
2024-11-22,P0166,S004,18,56,4
2024-11-22,P0169,S008,97,66,4
2024-11-22,P0172,S013,11,24,10
2024-11-22,P0175,S013,71,63,10
2024-11-22,P0178,S015,86,54,3
2024-11-22,P0181,S003,55,65,10
2024-11-22,P0184,S005,59,44,12
2024-11-22,P0187,S011,183,51,9
2024-11-22,P0190,S018,30,69,9
2024-11-22,P0193,S012,202,28,4
2024-11-22,P0196,S006,51,56,9
2024-11-22,P0199,S009,26,52,11
2024-11-22,P0202,S007,51,70,3
2024-11-22,P0205,S001,42,29,8
2024-11-22,P0208,S013,23,52,6
2024-11-22,P0211,S005,144,31,12
2024-11-22,P0214,S016,100,41,7
2024-11-22,P0217,S009,161,66,10
2024-11-22,P0220,S018,99,62,9
2024-11-22,P0223,S013,80,39,11
2024-11-22,P0226,S011,111,63,4
2024-11-22,P0229,S017,156,45,5
2024-11-22,P0232,S005,148,25,4
2024-11-22,P0235,S016,67,37,11
2024-11-22,P0238,S008,98,52,6
2024-11-22,P0241,S012,87,64,11
2024-11-22,P0244,S017,102,49,6
2024-11-22,P0247,S003,38,24,3
2024-11-22,P0250,S007,51,60,3
2024-11-22,P0253,S012,39,32,11
2024-11-22,P0256,S016,79,28,8
2024-11-22,P0259,S012,98,29,4
2024-11-22,P0262,S007,27,40,9
2024-11-22,P0265,S014,48,47,5
2024-11-22,P0268,S004,78,30,6
2024-11-22,P0271,S013,77,43,11
2024-11-22,P0274,S015,112,61,10
2024-11-22,P0277,S011,47,35,9
2024-11-22,P0280,S008,46,42,5
2024-11-22,P0283,S004,19,44,8
2024-11-22,P0286,S008,194,70,10
2024-11-22,P0289,S015,80,55,9
2024-11-22,P0292,S016,136,25,5
2024-11-22,P0295,S003,190,56,9
2024-11-22,P0298,S010,110,29,3
2024-11-21,P0001,S009,26,61,3
2024-11-21,P0004,S006,111,46,8
2024-11-21,P0007,S011,118,67,4
2024-11-21,P0010,S006,155,53,9
2024-11-21,P0013,S007,114,56,4
2024-11-21,P0016,S002,118,27,6
2024-11-21,P0019,S016,65,60,12
2024-11-21,P0022,S005,131,23,11
2024-11-21,P0025,S010,119,54,8
2024-11-21,P0028,S005,191,31,10
2024-11-21,P0031,S002,191,32,11
2024-11-21,P0034,S010,206,31,6
2024-11-21,P0037,S012,48,43,5
2024-11-21,P0040,S002,20,45,12
2024-11-21,P0043,S012,28,22,9
2024-11-21,P0046,S007,160,63,10
2024-11-21,P0049,S016,205,65,8
2024-11-21,P0052,S013,165,42,7
2024-11-21,P0055,S009,174,24,5
2024-11-21,P0058,S001,24,48,4
2024-11-21,P0061,S006,133,53,7
2024-11-21,P0064,S011,132,67,7
2024-11-21,P0067,S003,172,40,12
2024-11-21,P0070,S008,59,34,8
2024-11-21,P0073,S018,35,34,12
2024-11-21,P0076,S015,198,26,9
2024-11-21,P0079,S006,88,54,7
2024-11-21,P0082,S007,195,34,7
2024-11-21,P0085,S005,178,24,5
2024-11-21,P0088,S006,9999,49,4
2024-11-21,P0091,S010,38,69,3
2024-11-21,P0094,S011,184,23,9
2024-11-21,P0097,S009,118,61,12
2024-11-21,P0100,S009,77,20,4
2024-11-21,P0103,S004,56,64,11
2024-11-21,P0106,S016,31,46,6
2024-11-21,P0109,S013,82,65,7
2024-11-21,P0112,S006,46,47,12
2024-11-21,P0115,S008,186,21,6
2024-11-21,P0118,S002,64,26,12
2024-11-21,P0121,S012,40,54,6
2024-11-21,P0124,S013,13,28,7
2024-11-21,P0127,S015,124,39,6
2024-11-21,P0130,S003,89,57,10
2024-11-21,P0133,S017,27,24,7
2024-11-21,P0136,S002,196,68,6
2024-11-21,P0139,S009,131,44,7
2024-11-21,P0142,S004,118,64,3
2024-11-21,P0145,S005,99,46,8
2024-11-21,P0148,S011,41,29,4
2024-11-21,P0151,S014,63,43,10
2024-11-21,P0154,S018,10,44,7
2024-11-21,P0157,S017,173,33,11
2024-11-21,P0160,S011,15,33,7
2024-11-21,P0163,S002,188,21,5
2024-11-21,P0166,S017,134,61,6
2024-11-21,P0169,S008,63,20,10
2024-11-21,P0172,S013,192,30,6
2024-11-21,P0175,S008,151,47,9
2024-11-21,P0178,S004,183,32,10
2024-11-21,P0181,S002,27,28,9
2024-11-21,P0184,S013,200,64,12
2024-11-21,P0187,S016,58,44,12
2024-11-21,P0190,S014,190,69,6
2024-11-21,P0193,S004,172,64,12
2024-11-21,P0196,S004,128,44,5
2024-11-21,P0199,S002,79,67,6
2024-11-21,P0202,S001,48,66,9
2024-11-21,P0205,S008,176,32,8
2024-11-21,P0208,S004,202,62,9
2024-11-21,P0211,S001,26,23,4
2024-11-21,P0214,S008,159,60,4
2024-11-21,P0217,S003,162,57,6
2024-11-21,P0220,S013,26,58,7
2024-11-21,P0223,S007,95,31,4
2024-11-21,P0226,S007,97,58,3
2024-11-21,P0229,S008,76,51,5
2024-11-21,P0232,S007,85,23,10
2024-11-21,P0235,S018,73,58,4
2024-11-21,P0238,S005,186,31,11
2024-11-21,P0241,S009,-15,67,9
2024-11-21,P0244,S011,87,44,3
2024-11-21,P0247,S009,124,32,4
2024-11-21,P0250,S018,71,21,12
2024-11-21,P0253,S003,203,56,4
2024-11-21,P0256,S006,62,55,4
2024-11-21,P0259,S007,208,34,10
2024-11-21,P0262,S010,15,30,9
2024-11-21,P0265,S016,92,37,11
2024-11-21,P0268,S013,138,24,4
2024-11-21,P0271,S007,30,27,7
2024-11-21,P0274,S005,54,51,9
2024-11-21,P0277,S014,110,22,3
2024-11-21,P0280,S011,35,45,6
2024-11-21,P0283,S005,46,70,12
2024-11-21,P0286,S017,41,31,7
2024-11-21,P0289,S017,29,42,11
2024-11-21,P0292,S010,205,63,8
2024-11-21,P0295,S005,37,66,10
2024-11-21,P0298,S005,208,54,10
2024-11-20,P0001,S010,125,38,7
2024-11-20,P0004,S004,110,36,11
2024-11-20,P0007,S016,14,38,5
2024-11-20,P0010,S013,95,57,8
2024-11-20,P0013,S017,99,55,6
2024-11-20,P0016,S005,119,48,11
2024-11-20,P0019,S010,176,59,3
2024-11-20,P0022,S012,13,60,10
2024-11-20,P0025,S005,202,67,4
2024-11-20,P0028,S008,148,62,3
2024-11-20,P0031,S008,106,64,12
2024-11-20,P0034,S012,195,31,9
2024-11-20,P0037,S014,39,57,4
2024-11-20,P0040,S005,195,23,9
2024-11-20,P0043,S008,70,24,8
2024-11-20,P0046,S013,58,27,5
2024-11-20,P0049,S015,52,50,11
2024-11-20,P0052,S001,34,24,12
2024-11-20,P0055,S014,159,60,5
2024-11-20,P0058,S006,58,28,6
2024-11-20,P0061,S005,195,46,5
2024-11-20,P0064,S007,115,68,11
2024-11-20,P0067,S012,60,69,9
2024-11-20,P0070,S015,158,41,12
2024-11-20,P0073,S002,111,51,11
2024-11-20,P0076,S014,108,59,5
2024-11-20,P0079,S004,117,41,9
2024-11-20,P0082,S012,205,40,5
2024-11-20,P0085,S006,18,26,11
2024-11-20,P0088,S008,39,42,7
2024-11-20,P0091,S010,173,50,8
2024-11-20,P0094,S003,90,63,5
2024-11-20,P0097,S013,206,27,5
2024-11-20,P0100,S008,208,64,12
2024-11-20,P0103,S009,209,29,8
2024-11-20,P0106,S010,71,65,7
2024-11-20,P0109,S018,46,58,8
2024-11-20,P0112,S008,140,40,7
2024-11-20,P0115,S004,141,68,4
2024-11-20,P0118,S009,169,39,3
2024-11-20,P0121,S010,208,34,10
2024-11-20,P0124,S002,190,49,4
2024-11-20,P0127,S011,185,50,10
2024-11-20,P0130,S003,25,26,7
2024-11-20,P0133,S007,35,32,3
2024-11-20,P0136,S014,200,42,12
2024-11-20,P0139,S018,118,25,7
2024-11-20,P0142,S010,23,66,5
2024-11-20,P0145,S017,51,43,7
2024-11-20,P0148,S003,47,57,7
2024-11-20,P0151,S006,155,34,4
2024-11-20,P0154,S018,92,63,8
2024-11-20,P0157,S016,164,44,10
2024-11-20,P0160,S001,202,40,5
2024-11-20,P0163,S008,167,26,5
2024-11-20,P0166,S002,155,52,8
2024-11-20,P0169,S007,29,30,10
2024-11-20,P0172,S002,207,55,6
2024-11-20,P0175,S003,144,22,12
2024-11-20,P0178,S010,29,42,5
2024-11-20,P0181,S003,52,37,12
2024-11-20,P0184,S006,96,46,4
2024-11-20,P0187,S009,205,30,5
2024-11-20,P0190,S004,68,28,5
2024-11-20,P0193,S017,182,56,8
2024-11-20,P0196,S013,27,64,7
2024-11-20,P0199,S012,91,32,7
2024-11-20,P0202,S004,168,43,10
2024-11-20,P0205,S002,155,70,5
2024-11-20,P0208,S017,142,42,12
2024-11-20,P0211,S014,189,52,11
2024-11-20,P0214,S002,47,56,6
2024-11-20,P0217,S016,42,43,9
2024-11-20,P0220,S013,141,45,9
2024-11-20,P0223,S001,171,39,5
2024-11-20,P0226,S004,42,45,9
2024-11-20,P0229,S008,114,66,10
2024-11-20,P0232,S016,106,56,11
2024-11-20,P0235,S009,22,68,3
2024-11-20,P0238,S008,91,36,8
2024-11-20,P0241,S008,42,64,6
2024-11-20,P0244,S001,125,26,12
2024-11-20,P0247,S002,114,44,12
2024-11-20,P0250,S015,66,25,8
2024-11-20,P0253,S013,84,46,4
2024-11-20,P0256,S011,39,46,5
2024-11-20,P0259,S009,25,23,8
2024-11-20,P0262,S006,85,44,5
2024-11-20,P0265,S009,63,20,4
2024-11-20,P0268,S008,70,45,9
2024-11-20,P0271,S016,170,66,12
2024-11-20,P0274,S003,32,37,4
2024-11-20,P0277,S016,116,51,9
2024-11-20,P0280,S010,194,38,7
2024-11-20,P0283,S013,126,51,11
2024-11-20,P0286,S009,107,31,5
2024-11-20,P0289,S006,13,34,7
2024-11-20,P0292,S001,140,55,8
2024-11-20,P0295,S008,105,30,12
2024-11-20,P0298,S005,210,47,10
2024-11-19,P0001,S014,89,64,7
2024-11-19,P0004,S011,174,45,4
2024-11-19,P0007,S004,46,44,7
2024-11-19,P0010,S007,10,35,4
2024-11-19,P0013,S013,24,66,10
2024-11-19,P0016,S017,158,47,7
2024-11-19,P0019,S018,143,48,8
2024-11-19,P0022,S009,137,34,11
2024-11-19,P0025,S014,84,70,7
2024-11-19,P0028,S010,88,38,6
2024-11-19,P0031,S011,68,42,6
2024-11-19,P0034,S008,43,48,7
2024-11-19,P0037,S013,31,49,11
2024-11-19,P0040,S009,112,58,6
2024-11-19,P0043,S012,133,60,10
2024-11-19,P0046,S006,126,38,8
2024-11-19,P0049,S005,139,64,4
2024-11-19,P0052,S007,184,31,3
2024-11-19,P0055,S008,46,60,7
2024-11-19,P0058,S011,191,32,10
2024-11-19,P0061,S013,180,31,3
2024-11-19,P0064,S003,159,65,6
2024-11-19,P0067,S002,161,68,11
2024-11-19,P0070,S012,188,64,8
2024-11-19,P0073,S004,18,35,3
2024-11-19,P0076,S004,95,36,8
2024-11-19,P0079,S006,54,33,5
2024-11-19,P0082,S014,30,22,8
2024-11-19,P0085,S009,200,25,6
2024-11-19,P0088,S013,55,68,7
2024-11-19,P0091,S004,161,36,6
2024-11-19,P0094,S001,67,61,7
2024-11-19,P0097,S017,134,43,10
2024-11-19,P0100,S006,195,51,8
2024-11-19,P0103,S017,52,62,5
2024-11-19,P0106,S018,12,50,10
2024-11-19,P0109,S012,182,36,5
2024-11-19,P0112,S017,133,21,11
2024-11-19,P0115,S003,32,58,8
2024-11-19,P0118,S008,167,68,5
2024-11-19,P0121,S013,42,67,10
2024-11-19,P0124,S003,49,66,9
2024-11-19,P0127,S015,51,51,11
2024-11-19,P0130,S008,198,26,6
2024-11-19,P0133,S018,143,69,11
2024-11-19,P0136,S004,90,25,9
2024-11-19,P0139,S006,59,57,12
2024-11-19,P0142,S016,113,46,7
2024-11-19,P0145,S015,13,54,9
2024-11-19,P0148,S013,58,52,11
2024-11-19,P0151,S018,127,44,12
2024-11-19,P0154,S008,173,61,4
2024-11-19,P0157,S013,136,42,3
2024-11-19,P0160,S011,61,68,11
2024-11-19,P0163,S006,65,66,6
2024-11-19,P0166,S005,139,58,12
2024-11-19,P0169,S015,114,58,3
2024-11-19,P0172,S001,82,30,12
2024-11-19,P0175,S006,15,47,10
2024-11-19,P0178,S007,128,27,6
2024-11-19,P0181,S010,37,57,6
2024-11-19,P0184,S010,200,65,12
2024-11-19,P0187,S002,66,39,4
2024-11-19,P0190,S003,120,30,4
2024-11-19,P0193,S012,13,69,5
2024-11-19,P0196,S007,66,38,5
2024-11-19,P0199,S016,40,59,4
2024-11-19,P0202,S017,50,53,12
2024-11-19,P0205,S015,74,60,3
2024-11-19,P0208,S009,77,39,7
2024-11-19,P0211,S015,69,63,9
2024-11-19,P0214,S018,124,35,4
2024-11-19,P0217,S013,10,37,4
2024-11-19,P0220,S007,100,65,7
2024-11-19,P0223,S015,105,38,6
2024-11-19,P0226,S011,89,43,9
2024-11-19,P0229,S018,142,53,9
2024-11-19,P0232,S006,176,30,7
2024-11-19,P0235,S010,16,63,4
2024-11-19,P0238,S013,166,36,6
2024-11-19,P0241,S003,188,66,10
2024-11-19,P0244,S015,138,41,8
2024-11-19,P0247,S017,150,29,7
2024-11-19,P0250,S014,15,40,11
2024-11-19,P0253,S010,114,22,12
2024-11-19,P0256,S018,105,68,5
2024-11-19,P0259,S011,104,60,3
2024-11-19,P0262,S015,29,56,7
2024-11-19,P0265,S012,32,66,3
2024-11-19,P0268,S017,38,45,5
2024-11-19,P0271,S003,72,35,9
2024-11-19,P0274,S002,17,35,5
2024-11-19,P0277,S009,24,30,3
2024-11-19,P0280,S013,127,60,11
2024-11-19,P0283,S017,80,22,12
2024-11-19,P0286,S008,86,41,9
2024-11-19,P0289,S001,21,69,7
2024-11-19,P0292,S008,54,60,12
2024-11-19,P0295,S018,13,62,9
2024-11-19,P0298,S014,78,52,4
2024-11-18,P0001,S010,11,25,5
2024-11-18,P0004,S001,172,63,12
2024-11-18,P0007,S004,51,30,8
2024-11-18,P0010,S003,138,55,10
2024-11-18,P0013,S017,110,35,10
2024-11-18,P0016,S002,204,60,9
2024-11-18,P0019,S005,210,31,8
2024-11-18,P0022,S013,84,62,6
2024-11-18,P0025,S006,45,66,7
2024-11-18,P0028,S017,143,39,3
2024-11-18,P0031,S004,200,43,5
2024-11-18,P0034,S008,86,38,10
2024-11-18,P0037,S018,78,22,6
2024-11-18,P0040,S016,42,56,8
2024-11-18,P0043,S015,125,34,5
2024-11-18,P0046,S001,44,57,3
2024-11-18,P0049,S015,11,22,5
2024-11-18,P0052,S018,131,60,7
2024-11-18,P0055,S015,88,62,5
2024-11-18,P0058,S004,189,45,10
2024-11-18,P0061,S006,165,30,7
2024-11-18,P0064,S008,203,21,5
2024-11-18,P0067,S005,208,35,4
2024-11-18,P0070,S015,140,24,10
2024-11-18,P0073,S018,108,41,10
2024-11-18,P0076,S004,98,59,10
2024-11-18,P0079,S007,136,51,3
2024-11-18,P0082,S017,168,38,5
2024-11-18,P0085,S003,35,24,10
2024-11-18,P0088,S014,109,42,12
2024-11-18,P0091,S018,153,41,6
2024-11-18,P0094,S012,203,57,5
2024-11-18,P0097,S001,167,40,11
2024-11-18,P0100,S017,88,61,10
2024-11-18,P0103,S011,184,34,3
2024-11-18,P0106,S006,67,20,6
2024-11-18,P0109,S002,20,47,9
2024-11-18,P0112,S007,116,69,9
2024-11-18,P0115,S005,31,55,10
2024-11-18,P0118,S015,49,23,7
2024-11-18,P0121,S008,85,31,8
2024-11-18,P0124,S012,81,32,11
2024-11-18,P0127,S004,91,62,8
2024-11-18,P0130,S012,87,38,4
2024-11-18,P0133,S015,179,49,5
2024-11-18,P0136,S018,89,50,4
2024-11-18,P0139,S016,95,42,8
2024-11-18,P0142,S002,172,64,4
2024-11-18,P0145,S011,26,27,7
2024-11-18,P0148,S016,74,53,5
2024-11-18,P0151,S018,9999,68,5
2024-11-18,P0154,S017,108,58,11
2024-11-18,P0157,S003,77,52,10
2024-11-18,P0160,S013,47,65,9
2024-11-18,P0163,S004,85,24,4
2024-11-18,P0166,S008,126,67,11
2024-11-18,P0169,S002,151,37,10
2024-11-18,P0172,S018,84,39,10
2024-11-18,P0175,S013,173,48,10
2024-11-18,P0178,S011,59,45,12
2024-11-18,P0181,S017,40,56,9
2024-11-18,P0184,S008,140,65,10
2024-11-18,P0187,S013,88,52,11
2024-11-18,P0190,S006,130,63,3
2024-11-18,P0193,S013,45,57,12
2024-11-18,P0196,S017,-15,56,3
2024-11-18,P0199,S008,82,50,3
2024-11-18,P0202,S010,104,63,5
2024-11-18,P0205,S013,39,38,11
2024-11-18,P0208,S001,138,24,12
2024-11-18,P0211,S009,44,58,10
2024-11-18,P0214,S013,176,31,11
2024-11-18,P0217,S016,84,21,7
2024-11-18,P0220,S018,158,70,11
2024-11-18,P0223,S001,108,41,12
2024-11-18,P0226,S008,119,54,9
2024-11-18,P0229,S007,192,45,6
2024-11-18,P0232,S003,66,62,5
2024-11-18,P0235,S012,50,60,10
2024-11-18,P0238,S017,18,52,3
2024-11-18,P0241,S018,60,52,6
2024-11-18,P0244,S002,195,36,8
2024-11-18,P0247,S017,13,36,11
2024-11-18,P0250,S013,32,42,6
2024-11-18,P0253,S017,197,51,11
2024-11-18,P0256,S007,181,61,4
2024-11-18,P0259,S017,150,54,6
2024-11-18,P0262,S017,196,28,4
2024-11-18,P0265,S004,160,41,11
2024-11-18,P0268,S011,77,23,6
2024-11-18,P0271,S018,49,67,3
2024-11-18,P0274,S001,152,29,7
2024-11-18,P0277,S002,87,56,10
2024-11-18,P0280,S018,76,65,5
2024-11-18,P0283,S018,48,42,6
2024-11-18,P0286,S005,194,26,9
2024-11-18,P0289,S007,210,58,9
2024-11-18,P0292,S013,29,64,7
2024-11-18,P0295,S002,128,54,10
2024-11-18,P0298,S014,96,58,8
2024-11-17,P0001,S004,120,33,9
2024-11-17,P0004,S007,31,69,10
2024-11-17,P0007,S008,56,55,5
2024-11-17,P0010,S010,165,34,10
2024-11-17,P0013,S002,154,28,12
2024-11-17,P0016,S006,10,57,12
2024-11-17,P0019,S016,38,53,12
2024-11-17,P0022,S015,85,31,7
2024-11-17,P0025,S003,171,21,3
2024-11-17,P0028,S012,125,35,6
2024-11-17,P0031,S018,175,49,5
2024-11-17,P0034,S006,34,27,9
2024-11-17,P0037,S009,47,28,9
2024-11-17,P0040,S016,173,22,6
2024-11-17,P0043,S018,10,57,12
2024-11-17,P0046,S009,87,41,11
2024-11-17,P0049,S017,135,23,3
2024-11-17,P0052,S017,207,63,3
2024-11-17,P0055,S001,160,57,11
2024-11-17,P0058,S009,22,62,3
2024-11-17,P0061,S011,12,21,10
2024-11-17,P0064,S013,193,67,10
2024-11-17,P0067,S008,183,35,6
2024-11-17,P0070,S008,107,52,12
2024-11-17,P0073,S004,26,43,9
2024-11-17,P0076,S008,146,60,5
2024-11-17,P0079,S007,105,54,6
2024-11-17,P0082,S003,119,66,5
2024-11-17,P0085,S011,156,51,9
2024-11-17,P0088,S016,110,22,9
2024-11-17,P0091,S002,115,41,9
2024-11-17,P0094,S008,204,34,4
2024-11-17,P0097,S005,58,46,10
2024-11-17,P0100,S013,127,56,10
2024-11-17,P0103,S008,24,20,7
2024-11-17,P0106,S003,65,66,5
2024-11-17,P0109,S003,159,26,5
2024-11-17,P0112,S013,33,53,5
2024-11-17,P0115,S014,207,70,3
2024-11-17,P0118,S016,22,39,4
2024-11-17,P0121,S001,53,57,11
2024-11-17,P0124,S001,175,47,6
2024-11-17,P0127,S009,160,26,12
2024-11-17,P0130,S017,190,45,12
2024-11-17,P0133,S001,208,67,5
2024-11-17,P0136,S004,177,37,3
2024-11-17,P0139,S012,172,52,4
2024-11-17,P0142,S008,208,29,6
2024-11-17,P0145,S018,81,69,3
2024-11-17,P0148,S004,86,68,4
2024-11-17,P0151,S006,93,52,6
2024-11-17,P0154,S017,98,31,8
2024-11-17,P0157,S014,87,39,12
2024-11-17,P0160,S008,116,41,11
2024-11-17,P0163,S017,127,59,11
2024-11-17,P0166,S003,209,53,10
2024-11-17,P0169,S013,169,53,10
2024-11-17,P0172,S006,90,45,11
2024-11-17,P0175,S004,119,57,3
2024-11-17,P0178,S005,38,42,10
2024-11-17,P0181,S013,153,67,3
2024-11-17,P0184,S012,166,48,11
2024-11-17,P0187,S011,201,61,12
2024-11-17,P0190,S008,177,34,11
2024-11-17,P0193,S012,106,41,8
2024-11-17,P0196,S005,50,62,6
2024-11-17,P0199,S003,114,35,11
2024-11-17,P0202,S013,10,49,10
2024-11-17,P0205,S002,128,61,7
2024-11-17,P0208,S007,192,26,7
2024-11-17,P0211,S003,32,30,4
2024-11-17,P0214,S015,150,34,3
2024-11-17,P0217,S009,50,44,8
2024-11-17,P0220,S016,177,29,4
2024-11-17,P0223,S004,69,26,6
2024-11-17,P0226,S009,72,20,5
2024-11-17,P0229,S004,50,68,5
2024-11-17,P0232,S005,70,52,12
2024-11-17,P0235,S003,170,57,7
2024-11-17,P0238,S009,184,40,7
2024-11-17,P0241,S018,196,26,5
2024-11-17,P0244,S010,10,62,8
2024-11-17,P0247,S018,96,70,8
2024-11-17,P0250,S010,78,61,8
2024-11-17,P0253,S012,99,28,5
2024-11-17,P0256,S006,181,49,12
2024-11-17,P0259,S018,154,42,10
2024-11-17,P0262,S016,83,56,10
2024-11-17,P0265,S008,61,27,12
2024-11-17,P0268,S013,19,50,8
2024-11-17,P0271,S003,147,36,12
2024-11-17,P0274,S018,96,29,6
2024-11-17,P0277,S015,74,47,7
2024-11-17,P0280,S017,156,24,10
2024-11-17,P0283,S003,38,59,4
2024-11-17,P0286,S005,82,31,8
2024-11-17,P0289,S015,147,22,9
2024-11-17,P0292,S002,171,66,10
2024-11-17,P0295,S004,178,61,5
2024-11-17,P0298,S004,166,34,10
2024-11-16,P0001,S006,203,45,4
2024-11-16,P0004,S002,112,35,4
2024-11-16,P0007,S015,156,65,11
2024-11-16,P0010,S010,190,49,6
2024-11-16,P0013,S002,91,50,8
2024-11-16,P0016,S018,153,45,11
2024-11-16,P0019,S006,97,36,12
2024-11-16,P0022,S013,25,35,3
2024-11-16,P0025,S006,200,54,6
2024-11-16,P0028,S010,113,58,11
2024-11-16,P0031,S003,184,22,6
2024-11-16,P0034,S008,201,68,3
2024-11-16,P0037,S010,26,68,4
2024-11-16,P0040,S013,186,49,12
2024-11-16,P0043,S017,100,54,3
2024-11-16,P0046,S003,177,25,9
2024-11-16,P0049,S003,161,22,12
2024-11-16,P0052,S006,25,53,5
2024-11-16,P0055,S016,65,65,7
2024-11-16,P0058,S015,24,28,12
2024-11-16,P0061,S017,10,62,8
2024-11-16,P0064,S015,121,65,5
2024-11-16,P0067,S004,168,59,6
2024-11-16,P0070,S014,92,27,8
2024-11-16,P0073,S010,111,53,11
2024-11-16,P0076,S013,111,44,10
2024-11-16,P0079,S015,20,50,5
2024-11-16,P0082,S012,16,39,10
2024-11-16,P0085,S006,140,56,5
2024-11-16,P0088,S009,198,21,10
2024-11-16,P0091,S007,31,41,4
2024-11-16,P0094,S010,117,61,4
2024-11-16,P0097,S005,201,26,5
2024-11-16,P0100,S006,29,56,9
2024-11-16,P0103,S016,142,68,6
2024-11-16,P0106,S006,182,32,10
2024-11-16,P0109,S017,136,65,5
2024-11-16,P0112,S009,135,35,9
2024-11-16,P0115,S009,144,30,7
2024-11-16,P0118,S001,129,67,3
2024-11-16,P0121,S007,167,55,8
2024-11-16,P0124,S001,105,30,10
2024-11-16,P0127,S002,59,24,11
2024-11-16,P0130,S004,32,57,5
2024-11-16,P0133,S001,137,52,10
2024-11-16,P0136,S006,140,20,8
2024-11-16,P0139,S018,155,36,9
2024-11-16,P0142,S013,70,37,6
2024-11-16,P0145,S015,174,52,4
2024-11-16,P0148,S001,68,53,10
2024-11-16,P0151,S004,22,65,4
2024-11-16,P0154,S011,187,53,5
2024-11-16,P0157,S011,86,25,5
2024-11-16,P0160,S011,121,22,6
2024-11-16,P0163,S011,16,57,5
2024-11-16,P0166,S015,43,37,6
2024-11-16,P0169,S002,140,43,3
2024-11-16,P0172,S003,79,47,6
2024-11-16,P0175,S018,132,63,12
2024-11-16,P0178,S001,184,28,6
2024-11-16,P0181,S001,210,70,11
2024-11-16,P0184,S016,16,40,9
2024-11-16,P0187,S005,166,41,11
2024-11-16,P0190,S004,150,68,10
2024-11-16,P0193,S011,110,46,3
2024-11-16,P0196,S018,166,40,9
2024-11-16,P0199,S012,130,60,11
2024-11-16,P0202,S017,111,61,7
2024-11-16,P0205,S006,142,40,7
2024-11-16,P0208,S015,96,62,11
2024-11-16,P0211,S014,34,40,4
2024-11-16,P0214,S009,177,49,8
2024-11-16,P0217,S011,115,23,10
2024-11-16,P0220,S010,89,58,7
2024-11-16,P0223,S012,96,60,6
2024-11-16,P0226,S010,27,59,7
2024-11-16,P0229,S006,28,63,4
2024-11-16,P0232,S012,72,28,6
2024-11-16,P0235,S004,136,25,12
2024-11-16,P0238,S016,112,58,12
2024-11-16,P0241,S002,103,36,7
2024-11-16,P0244,S007,158,32,4
2024-11-16,P0247,S008,165,55,5
2024-11-16,P0250,S004,128,52,10
2024-11-16,P0253,S017,60,47,3
2024-11-16,P0256,S009,205,28,10
2024-11-16,P0259,S011,142,46,8
2024-11-16,P0262,S009,87,54,10
2024-11-16,P0265,S012,152,32,5
2024-11-16,P0268,S005,123,68,9
2024-11-16,P0271,S005,57,20,3
2024-11-16,P0274,S002,168,52,8
2024-11-16,P0277,S011,90,40,8
2024-11-16,P0280,S002,129,43,5
2024-11-16,P0283,S011,47,26,12
2024-11-16,P0286,S012,114,66,5
2024-11-16,P0289,S012,39,59,3
2024-11-16,P0292,S012,169,20,11
2024-11-16,P0295,S011,34,62,12
2024-11-16,P0298,S005,146,24,11
2024-11-15,P0001,S018,172,36,9
2024-11-15,P0004,S013,84,67,10
2024-11-15,P0007,S009,176,35,11
2024-11-15,P0010,S012,201,44,4
2024-11-15,P0013,S008,157,40,4
2024-11-15,P0016,S013,17,44,12
2024-11-15,P0019,S003,31,55,9
2024-11-15,P0022,S011,34,60,5
2024-11-15,P0025,S001,135,25,7
2024-11-15,P0028,S015,132,34,7
2024-11-15,P0031,S005,177,62,4
2024-11-15,P0034,S013,112,24,11
2024-11-15,P0037,S007,77,62,6
2024-11-15,P0040,S008,145,53,9
2024-11-15,P0043,S016,92,58,8
2024-11-15,P0046,S003,38,69,5
2024-11-15,P0049,S011,82,30,10
2024-11-15,P0052,S009,197,70,6
2024-11-15,P0055,S001,62,49,11
2024-11-15,P0058,S006,171,25,6
2024-11-15,P0061,S017,71,64,10
2024-11-15,P0064,S016,62,62,12
2024-11-15,P0067,S009,49,23,12
2024-11-15,P0070,S010,78,54,8
2024-11-15,P0073,S018,89,44,6
2024-11-15,P0076,S005,187,69,11
2024-11-15,P0079,S013,22,57,8
2024-11-15,P0082,S014,111,22,11
2024-11-15,P0085,S007,206,48,8
2024-11-15,P0088,S008,138,61,5
2024-11-15,P0091,S010,194,61,3
2024-11-15,P0094,S014,82,39,9
2024-11-15,P0097,S017,126,38,4
2024-11-15,P0100,S015,145,40,3
2024-11-15,P0103,S006,173,28,9
2024-11-15,P0106,S008,102,24,7
2024-11-15,P0109,S010,76,60,11
2024-11-15,P0112,S017,203,46,8
2024-11-15,P0115,S004,11,52,7
2024-11-15,P0118,S002,46,45,11
2024-11-15,P0121,S002,163,53,11
2024-11-15,P0124,S012,107,54,7
2024-11-15,P0127,S012,99,62,3
2024-11-15,P0130,S016,63,40,8
2024-11-15,P0133,S004,76,42,5
2024-11-15,P0136,S018,44,51,11
2024-11-15,P0139,S008,90,56,9
2024-11-15,P0142,S016,149,38,5
2024-11-15,P0145,S001,102,52,10
2024-11-15,P0148,S004,76,62,3
2024-11-15,P0151,S018,82,36,9
2024-11-15,P0154,S010,187,37,7
2024-11-15,P0157,S014,90,69,7
2024-11-15,P0160,S018,16,29,6
2024-11-15,P0163,S015,195,34,6
2024-11-15,P0166,S011,206,46,3
2024-11-15,P0169,S015,65,67,8
2024-11-15,P0172,S003,23,35,7
2024-11-15,P0175,S014,-15,67,7
2024-11-15,P0178,S009,112,34,4
2024-11-15,P0181,S014,204,69,12
2024-11-15,P0184,S002,52,26,9
2024-11-15,P0187,S011,160,58,6
2024-11-15,P0190,S007,41,24,9
2024-11-15,P0193,S004,125,36,10
2024-11-15,P0196,S006,66,25,11
2024-11-15,P0199,S015,171,27,7
2024-11-15,P0202,S008,27,62,12
2024-11-15,P0205,S017,64,60,7
2024-11-15,P0208,S016,9999,41,4
2024-11-15,P0211,S004,140,33,12
2024-11-15,P0214,S012,184,37,10
2024-11-15,P0217,S008,51,47,9
2024-11-15,P0220,S012,134,65,5
2024-11-15,P0223,S004,58,52,5
2024-11-15,P0226,S012,79,64,4
2024-11-15,P0229,S001,150,20,12
2024-11-15,P0232,S018,123,25,7
2024-11-15,P0235,S014,200,37,12
2024-11-15,P0238,S011,15,43,8
2024-11-15,P0241,S006,189,56,3
2024-11-15,P0244,S012,188,41,9
2024-11-15,P0247,S007,153,37,5
2024-11-15,P0250,S001,195,49,5
2024-11-15,P0253,S010,136,33,12
2024-11-15,P0256,S017,136,41,6
2024-11-15,P0259,S004,202,55,12
2024-11-15,P0262,S005,51,41,3
2024-11-15,P0265,S013,195,70,12
2024-11-15,P0268,S017,102,61,11
2024-11-15,P0271,S010,53,39,7
2024-11-15,P0274,S018,133,56,8
2024-11-15,P0277,S002,31,28,10
2024-11-15,P0280,S018,183,43,10
2024-11-15,P0283,S003,96,25,6
2024-11-15,P0286,S012,91,50,3
2024-11-15,P0289,S011,34,45,12
2024-11-15,P0292,S005,169,31,10
2024-11-15,P0295,S003,157,38,4
2024-11-15,P0298,S016,10,64,7
2024-11-14,P0001,S002,144,26,11
2024-11-14,P0004,S005,89,51,11
2024-11-14,P0007,S007,137,49,9
2024-11-14,P0010,S013,118,39,5
2024-11-14,P0013,S004,158,32,3
2024-11-14,P0016,S002,27,32,12
2024-11-14,P0019,S006,36,31,6
2024-11-14,P0022,S009,131,66,9
2024-11-14,P0025,S006,37,61,9
2024-11-14,P0028,S015,11,23,8
2024-11-14,P0031,S001,41,66,3
2024-11-14,P0034,S014,184,20,5
2024-11-14,P0037,S003,81,63,8
2024-11-14,P0040,S005,167,22,11
2024-11-14,P0043,S007,178,46,11
2024-11-14,P0046,S009,15,66,6
2024-11-14,P0049,S014,13,59,11
2024-11-14,P0052,S002,45,54,9
2024-11-14,P0055,S009,187,63,3
2024-11-14,P0058,S010,146,21,10
2024-11-14,P0061,S004,22,38,8
2024-11-14,P0064,S017,81,59,8
2024-11-14,P0067,S008,143,21,6
2024-11-14,P0070,S015,18,27,6
2024-11-14,P0073,S015,134,68,7
2024-11-14,P0076,S013,27,54,11
2024-11-14,P0079,S008,25,44,8
2024-11-14,P0082,S015,205,67,10
2024-11-14,P0085,S001,186,33,11
2024-11-14,P0088,S011,77,50,7
2024-11-14,P0091,S002,110,49,4
2024-11-14,P0094,S012,89,38,9
2024-11-14,P0097,S008,152,20,7
2024-11-14,P0100,S006,140,54,4
2024-11-14,P0103,S010,151,45,10
2024-11-14,P0106,S002,119,68,7
2024-11-14,P0109,S016,78,70,6
2024-11-14,P0112,S016,102,38,9
2024-11-14,P0115,S010,121,50,7
2024-11-14,P0118,S004,60,49,3
2024-11-14,P0121,S014,154,31,4
2024-11-14,P0124,S011,164,59,11
2024-11-14,P0127,S012,10,51,12
2024-11-14,P0130,S011,188,26,7
2024-11-14,P0133,S009,29,67,3
2024-11-14,P0136,S009,62,50,12
2024-11-14,P0139,S012,157,37,8
2024-11-14,P0142,S018,113,52,10
2024-11-14,P0145,S004,144,67,7
2024-11-14,P0148,S010,58,43,6
2024-11-14,P0151,S011,142,66,10
2024-11-14,P0154,S005,135,31,5
2024-11-14,P0157,S005,187,36,7
2024-11-14,P0160,S018,17,69,4
2024-11-14,P0163,S018,60,23,8
2024-11-14,P0166,S011,33,52,5
2024-11-14,P0169,S001,30,54,9
2024-11-14,P0172,S016,31,26,7
2024-11-14,P0175,S001,106,43,8
2024-11-14,P0178,S017,180,43,8
2024-11-14,P0181,S011,175,69,11
2024-11-14,P0184,S018,163,49,10
2024-11-14,P0187,S005,135,51,10
2024-11-14,P0190,S007,15,52,7
2024-11-14,P0193,S002,21,55,3
2024-11-14,P0196,S018,91,50,7
2024-11-14,P0199,S017,93,40,10
2024-11-14,P0202,S005,179,32,3
2024-11-14,P0205,S013,40,20,10
2024-11-14,P0208,S003,147,20,10
2024-11-14,P0211,S009,191,48,5
2024-11-14,P0214,S006,60,39,7
2024-11-14,P0217,S011,84,40,12
2024-11-14,P0220,S013,111,43,5
2024-11-14,P0223,S014,207,49,5
2024-11-14,P0226,S012,27,32,10
2024-11-14,P0229,S013,63,40,12
2024-11-14,P0232,S004,210,55,10
2024-11-14,P0235,S015,12,43,3
2024-11-14,P0238,S005,68,50,3
2024-11-14,P0241,S012,126,64,8
2024-11-14,P0244,S009,42,66,5
2024-11-14,P0247,S003,26,29,3
2024-11-14,P0250,S018,96,28,4
2024-11-14,P0253,S014,110,26,9
2024-11-14,P0256,S009,127,28,3
2024-11-14,P0259,S004,165,34,10
2024-11-14,P0262,S009,176,67,7
2024-11-14,P0265,S018,96,44,5
2024-11-14,P0268,S014,206,57,7
2024-11-14,P0271,S004,184,65,7
2024-11-14,P0274,S017,164,41,9
2024-11-14,P0277,S013,182,70,7
2024-11-14,P0280,S004,71,37,8
2024-11-14,P0283,S013,69,66,12
2024-11-14,P0286,S004,112,44,7
2024-11-14,P0289,S018,210,60,8
2024-11-14,P0292,S014,184,53,5
2024-11-14,P0295,S011,32,63,4
2024-11-14,P0298,S017,17,21,10
2024-11-13,P0001,S004,126,41,7
2024-11-13,P0004,S015,22,40,5
2024-11-13,P0007,S005,121,70,9
2024-11-13,P0010,S005,210,59,9
2024-11-13,P0013,S012,196,61,9
2024-11-13,P0016,S003,85,26,4
2024-11-13,P0019,S005,15,67,3
2024-11-13,P0022,S010,169,66,9
2024-11-13,P0025,S003,120,29,9
2024-11-13,P0028,S004,127,54,6
2024-11-13,P0031,S007,82,26,7
2024-11-13,P0034,S007,76,24,12
2024-11-13,P0037,S012,174,70,6
2024-11-13,P0040,S014,47,62,8
2024-11-13,P0043,S010,191,24,10
2024-11-13,P0046,S005,166,41,9
2024-11-13,P0049,S010,61,33,7
2024-11-13,P0052,S007,59,62,5
2024-11-13,P0055,S007,54,68,9
2024-11-13,P0058,S013,153,62,6
2024-11-13,P0061,S008,189,39,9
2024-11-13,P0064,S006,124,42,10
2024-11-13,P0067,S009,126,28,5
2024-11-13,P0070,S006,69,63,8
2024-11-13,P0073,S003,77,44,5
2024-11-13,P0076,S009,154,37,9
2024-11-13,P0079,S004,92,44,6
2024-11-13,P0082,S013,172,32,7
2024-11-13,P0085,S008,28,23,11
2024-11-13,P0088,S004,137,56,5
2024-11-13,P0091,S005,132,57,8
2024-11-13,P0094,S010,133,61,5
2024-11-13,P0097,S003,91,49,11
2024-11-13,P0100,S013,59,55,8
2024-11-13,P0103,S005,150,60,5
2024-11-13,P0106,S006,165,21,5
2024-11-13,P0109,S015,140,64,9
2024-11-13,P0112,S006,123,27,4
2024-11-13,P0115,S008,10,35,11
2024-11-13,P0118,S007,175,63,7
2024-11-13,P0121,S007,192,42,12
2024-11-13,P0124,S010,179,32,5
2024-11-13,P0127,S008,31,60,7
2024-11-13,P0130,S003,150,54,9
2024-11-13,P0133,S009,138,28,6
2024-11-13,P0136,S003,166,43,4
2024-11-13,P0139,S008,170,25,10
2024-11-13,P0142,S010,196,67,5
2024-11-13,P0145,S011,186,57,3
2024-11-13,P0148,S009,63,55,8
2024-11-13,P0151,S017,21,35,4
2024-11-13,P0154,S004,210,39,9
2024-11-13,P0157,S010,106,49,11
2024-11-13,P0160,S008,73,41,4
2024-11-13,P0163,S016,175,39,9
2024-11-13,P0166,S006,146,30,8
2024-11-13,P0169,S018,210,45,4
2024-11-13,P0172,S002,38,52,8
2024-11-13,P0175,S006,116,67,6
2024-11-13,P0178,S016,188,42,7
2024-11-13,P0181,S011,55,33,10
2024-11-13,P0184,S002,127,62,11
2024-11-13,P0187,S004,83,54,3
2024-11-13,P0190,S006,190,42,4
2024-11-13,P0193,S008,71,50,9
2024-11-13,P0196,S015,93,40,7
2024-11-13,P0199,S003,172,31,7
2024-11-13,P0202,S016,162,39,10
2024-11-13,P0205,S018,171,26,12
2024-11-13,P0208,S016,122,41,9
2024-11-13,P0211,S009,136,28,5
2024-11-13,P0214,S014,138,61,10
2024-11-13,P0217,S003,27,51,11
2024-11-13,P0220,S018,207,69,7
2024-11-13,P0223,S001,93,64,8
2024-11-13,P0226,S014,135,40,7
2024-11-13,P0229,S005,201,65,12
2024-11-13,P0232,S010,146,47,10
2024-11-13,P0235,S018,19,67,3
2024-11-13,P0238,S017,17,42,6
2024-11-13,P0241,S009,40,47,4
2024-11-13,P0244,S016,116,21,12
2024-11-13,P0247,S016,55,22,6
2024-11-13,P0250,S014,107,69,5
2024-11-13,P0253,S001,105,41,10
2024-11-13,P0256,S010,172,50,10
2024-11-13,P0259,S010,195,61,11
2024-11-13,P0262,S010,90,40,11
2024-11-13,P0265,S001,15,64,7
2024-11-13,P0268,S005,151,40,9
2024-11-13,P0271,S007,165,62,5
2024-11-13,P0274,S008,129,58,8
2024-11-13,P0277,S004,116,20,9
2024-11-13,P0280,S002,65,54,10
2024-11-13,P0283,S012,62,27,4
2024-11-13,P0286,S008,10,28,11
2024-11-13,P0289,S002,118,35,8
2024-11-13,P0292,S004,10,69,10
2024-11-13,P0295,S003,177,61,9
2024-11-13,P0298,S010,110,58,12
2024-11-12,P0001,S018,12,44,11
2024-11-12,P0004,S001,40,70,3
2024-11-12,P0007,S014,188,50,5
2024-11-12,P0010,S006,55,40,11
2024-11-12,P0013,S015,41,29,6
2024-11-12,P0016,S009,76,51,8
2024-11-12,P0019,S017,136,44,12
2024-11-12,P0022,S015,207,40,9
2024-11-12,P0025,S011,42,44,12
2024-11-12,P0028,S018,24,63,11
2024-11-12,P0031,S010,71,60,11
2024-11-12,P0034,S008,168,38,5
2024-11-12,P0037,S018,75,64,9
2024-11-12,P0040,S006,210,41,5
2024-11-12,P0043,S002,136,47,12
2024-11-12,P0046,S014,51,26,11
2024-11-12,P0049,S014,81,63,4
2024-11-12,P0052,S001,74,31,11
2024-11-12,P0055,S013,141,46,8
2024-11-12,P0058,S005,205,48,9
2024-11-12,P0061,S003,71,70,6
2024-11-12,P0064,S002,54,59,7
2024-11-12,P0067,S010,179,67,4
2024-11-12,P0070,S003,162,52,11
2024-11-12,P0073,S013,80,33,5
2024-11-12,P0076,S017,94,64,7
2024-11-12,P0079,S013,111,22,12
2024-11-12,P0082,S006,169,42,5
2024-11-12,P0085,S017,183,34,12
2024-11-12,P0088,S001,151,70,3
2024-11-12,P0091,S010,21,21,10
2024-11-12,P0094,S006,51,40,8
2024-11-12,P0097,S012,130,43,6
2024-11-12,P0100,S010,22,36,7
2024-11-12,P0103,S004,62,63,3
2024-11-12,P0106,S014,76,29,5
2024-11-12,P0109,S016,46,23,3
2024-11-12,P0112,S004,193,70,12
2024-11-12,P0115,S003,93,40,12
2024-11-12,P0118,S015,143,46,11
2024-11-12,P0121,S016,190,65,11
2024-11-12,P0124,S008,183,47,4
2024-11-12,P0127,S003,21,58,9
2024-11-12,P0130,S010,13,44,4
2024-11-12,P0133,S010,198,43,5
2024-11-12,P0136,S003,38,48,7
2024-11-12,P0139,S010,13,39,7
2024-11-12,P0142,S008,56,43,10
2024-11-12,P0145,S016,108,22,10
2024-11-12,P0148,S007,124,39,6
2024-11-12,P0151,S009,76,55,12
2024-11-12,P0154,S015,45,41,8
2024-11-12,P0157,S012,178,70,5
2024-11-12,P0160,S009,117,65,10
2024-11-12,P0163,S005,87,67,5
2024-11-12,P0166,S016,142,21,9
2024-11-12,P0169,S012,89,49,8
2024-11-12,P0172,S004,13,68,5
2024-11-12,P0175,S015,177,34,9
2024-11-12,P0178,S002,170,50,11
2024-11-12,P0181,S018,170,22,6
2024-11-12,P0184,S015,112,64,12
2024-11-12,P0187,S003,88,62,5
2024-11-12,P0190,S013,99,61,8
2024-11-12,P0193,S001,200,57,9
2024-11-12,P0196,S015,95,65,5
2024-11-12,P0199,S010,150,25,12
2024-11-12,P0202,S009,-15,54,3
2024-11-12,P0205,S005,86,56,4
2024-11-12,P0208,S002,91,41,9
2024-11-12,P0211,S003,142,54,7
2024-11-12,P0214,S004,61,43,6
2024-11-12,P0217,S001,59,64,6
2024-11-12,P0220,S007,58,57,5
2024-11-12,P0223,S011,138,60,11
2024-11-12,P0226,S018,141,29,12
2024-11-12,P0229,S015,78,53,4
2024-11-12,P0232,S011,191,62,12
2024-11-12,P0235,S003,22,35,9
2024-11-12,P0238,S007,176,33,9
2024-11-12,P0241,S009,42,65,6
2024-11-12,P0244,S002,102,48,7
2024-11-12,P0247,S007,48,56,6
2024-11-12,P0250,S005,139,40,7
2024-11-12,P0253,S014,34,68,11
2024-11-12,P0256,S018,122,46,11
2024-11-12,P0259,S018,111,68,11
2024-11-12,P0262,S017,193,52,5
2024-11-12,P0265,S003,81,45,7
2024-11-12,P0268,S001,121,53,3
2024-11-12,P0271,S008,203,38,8
2024-11-12,P0274,S017,116,44,12
2024-11-12,P0277,S002,204,61,10
2024-11-12,P0280,S013,179,48,5
2024-11-12,P0283,S014,157,59,6
2024-11-12,P0286,S012,18,54,6
2024-11-12,P0289,S008,195,47,7
2024-11-12,P0292,S018,181,37,4
2024-11-12,P0295,S013,45,60,5
2024-11-12,P0298,S009,156,27,5
2024-11-11,P0001,S007,82,48,10
2024-11-11,P0004,S002,201,27,7
2024-11-11,P0007,S003,190,51,11
2024-11-11,P0010,S012,172,63,3
2024-11-11,P0013,S015,140,39,12
2024-11-11,P0016,S015,67,25,4
2024-11-11,P0019,S010,19,62,10
2024-11-11,P0022,S014,184,59,9
2024-11-11,P0025,S012,96,55,3
2024-11-11,P0028,S011,57,60,6
2024-11-11,P0031,S009,195,56,12
2024-11-11,P0034,S012,100,48,4
2024-11-11,P0037,S017,94,37,7
2024-11-11,P0040,S016,23,59,9
2024-11-11,P0043,S013,108,31,8
2024-11-11,P0046,S005,67,23,11
2024-11-11,P0049,S008,167,35,6
2024-11-11,P0052,S017,72,63,12
2024-11-11,P0055,S017,174,43,6
2024-11-11,P0058,S010,20,26,12
2024-11-11,P0061,S011,188,36,6
2024-11-11,P0064,S005,31,58,10
2024-11-11,P0067,S016,78,21,9
2024-11-11,P0070,S016,137,60,12
2024-11-11,P0073,S017,202,37,6
2024-11-11,P0076,S002,55,63,7
2024-11-11,P0079,S010,72,39,4
2024-11-11,P0082,S006,134,23,5
2024-11-11,P0085,S009,169,25,4
2024-11-11,P0088,S012,175,51,6
2024-11-11,P0091,S018,76,64,12
2024-11-11,P0094,S018,84,30,4
2024-11-11,P0097,S008,167,52,9
2024-11-11,P0100,S016,99,52,4
2024-11-11,P0103,S015,78,46,4
2024-11-11,P0106,S015,108,45,5
2024-11-11,P0109,S012,106,70,11
2024-11-11,P0112,S004,115,53,12
2024-11-11,P0115,S007,100,27,6
2024-11-11,P0118,S015,178,24,7
2024-11-11,P0121,S008,192,59,3
2024-11-11,P0124,S014,63,37,11
2024-11-11,P0127,S018,96,44,4
2024-11-11,P0130,S004,42,42,7
2024-11-11,P0133,S008,157,38,5
2024-11-11,P0136,S015,191,60,10
2024-11-11,P0139,S018,14,25,3
2024-11-11,P0142,S004,167,47,4
2024-11-11,P0145,S011,191,46,5
2024-11-11,P0148,S006,41,30,4
2024-11-11,P0151,S009,182,35,12
2024-11-11,P0154,S018,29,50,3
2024-11-11,P0157,S013,113,64,5
2024-11-11,P0160,S007,88,37,5
2024-11-11,P0163,S007,150,27,8
2024-11-11,P0166,S016,15,68,10
2024-11-11,P0169,S015,38,28,9
2024-11-11,P0172,S014,123,69,10
2024-11-11,P0175,S015,-15,69,6
2024-11-11,P0178,S014,41,70,4
2024-11-11,P0181,S004,196,40,5
2024-11-11,P0184,S015,15,35,11
2024-11-11,P0187,S018,65,50,6
2024-11-11,P0190,S018,66,30,9
2024-11-11,P0193,S012,175,51,8
2024-11-11,P0196,S016,41,39,12
2024-11-11,P0199,S012,202,66,5
2024-11-11,P0202,S011,25,36,10
2024-11-11,P0205,S014,103,27,6
2024-11-11,P0208,S007,204,67,7
2024-11-11,P0211,S018,77,56,4
2024-11-11,P0214,S016,133,57,5
2024-11-11,P0217,S010,136,67,11
2024-11-11,P0220,S005,183,70,5
2024-11-11,P0223,S008,132,68,9
2024-11-11,P0226,S016,94,66,12
2024-11-11,P0229,S003,27,68,4
2024-11-11,P0232,S006,131,26,12
2024-11-11,P0235,S012,194,60,6
2024-11-11,P0238,S002,120,37,8
2024-11-11,P0241,S002,164,36,5
2024-11-11,P0244,S006,184,36,7
2024-11-11,P0247,S007,24,33,7
2024-11-11,P0250,S005,42,36,8
2024-11-11,P0253,S003,52,43,4
2024-11-11,P0256,S003,83,48,12
2024-11-11,P0259,S002,120,22,6
2024-11-11,P0262,S010,154,35,9
2024-11-11,P0265,S009,153,70,5
2024-11-11,P0268,S006,20,24,6
2024-11-11,P0271,S003,56,69,3
2024-11-11,P0274,S013,16,58,5
2024-11-11,P0277,S002,90,24,6
2024-11-11,P0280,S003,100,56,12
2024-11-11,P0283,S009,174,51,3
2024-11-11,P0286,S007,13,41,10
2024-11-11,P0289,S007,47,33,6
2024-11-11,P0292,S005,109,63,4
2024-11-11,P0295,S006,177,23,3
2024-11-11,P0298,S012,207,69,8
